lote,timestamp,backbone,size,dim,lr,weight_power,augment,epoch,train_loss,val_miou,iou_background,iou_track,iou_kart,iou_pickup,iou_nitro,iou_bomb,iou_projectile,notes
20260909_165356,2026-09-09T21:54:21,small,448,128,1.00e-03,0.2,1,0,0.3482,0.3238,0.8592,0.8413,0.5664,0.0000,0.0000,0.0000,0.0000,small_s448_d128_lr0.001_p0.20
20260909_165356,2026-09-09T21:54:30,small,448,128,1.00e-03,0.2,1,1,0.2197,0.3092,0.6949,0.6030,0.6638,0.2028,0.0000,0.0000,0.0000,small_s448_d128_lr0.001_p0.20
20260909_165356,2026-09-09T21:54:39,small,448,128,1.00e-03,0.2,1,2,0.1968,0.3616,0.7117,0.6357,0.6636,0.5201,0.0000,0.0000,0.0000,small_s448_d128_lr0.001_p0.20
20260909_165356,2026-09-09T21:54:48,small,448,128,1.00e-03,0.2,1,3,0.1686,0.3893,0.8392,0.8211,0.6345,0.3927,0.0061,0.0315,0.0000,small_s448_d128_lr0.001_p0.20
20260909_165356,2026-09-09T21:54:56,small,448,128,1.00e-03,0.2,1,4,0.1577,0.3561,0.7671,0.7265,0.6398,0.3073,0.0000,0.0517,0.0000,small_s448_d128_lr0.001_p0.20
20260909_165356,2026-09-09T21:55:03,small,448,128,1.00e-03,0.2,1,5,0.1505,0.4330,0.8128,0.7883,0.7079,0.5224,0.1370,0.0628,0.0000,small_s448_d128_lr0.001_p0.20
20260909_165356,2026-09-09T21:55:10,small,448,128,1.00e-03,0.2,1,6,0.1395,0.3504,0.7086,0.6271,0.5790,0.2926,0.1973,0.0481,0.0000,small_s448_d128_lr0.001_p0.20
20260909_165356,2026-09-09T21:55:18,small,448,128,1.00e-03,0.2,1,7,0.1327,0.3548,0.6632,0.5379,0.6248,0.3254,0.1783,0.1538,0.0000,small_s448_d128_lr0.001_p0.20
20260909_165356,2026-09-09T21:55:24,small,448,128,1.00e-03,0.2,1,8,0.1216,0.4311,0.6861,0.5913,0.7685,0.5185,0.3356,0.1179,0.0000,small_s448_d128_lr0.001_p0.20
20260909_165356,2026-09-09T21:55:31,small,448,128,1.00e-03,0.2,1,9,0.1244,0.4649,0.7427,0.6933,0.7383,0.6476,0.3368,0.0880,0.0074,small_s448_d128_lr0.001_p0.20
20260909_165356,2026-09-09T21:55:41,small,448,128,1.00e-03,0.2,1,10,0.1248,0.4093,0.6772,0.5738,0.7216,0.4786,0.2608,0.1002,0.0530,small_s448_d128_lr0.001_p0.20
20260909_165356,2026-09-09T21:55:49,small,448,128,1.00e-03,0.2,1,11,0.1104,0.3839,0.6794,0.5540,0.6565,0.5059,0.2006,0.0837,0.0074,small_s448_d128_lr0.001_p0.20
20260909_165356,2026-09-09T21:55:57,small,448,128,1.00e-03,0.2,1,12,0.1110,0.4241,0.6905,0.6015,0.7417,0.5811,0.2582,0.0882,0.0075,small_s448_d128_lr0.001_p0.20
20260909_165356,2026-09-09T21:56:06,small,448,128,1.00e-03,0.2,1,13,0.1068,0.4334,0.6920,0.6025,0.7402,0.4870,0.3436,0.1234,0.0453,small_s448_d128_lr0.001_p0.20
20260909_165356,2026-09-09T21:56:15,small,448,128,5.00e-04,0.2,1,14,0.1098,0.4455,0.7185,0.6444,0.7120,0.5097,0.3308,0.1643,0.0389,small_s448_d128_lr0.001_p0.20
20260909_165356,2026-09-09T21:56:25,small,448,128,5.00e-04,0.2,1,15,0.0938,0.4393,0.6798,0.5802,0.7593,0.5080,0.3114,0.2063,0.0301,small_s448_d128_lr0.001_p0.20
20260909_165356,2026-09-09T21:56:36,small,448,128,5.00e-04,0.2,1,16,0.0891,0.4362,0.6772,0.5713,0.7471,0.4990,0.3103,0.1703,0.0784,small_s448_d128_lr0.001_p0.20
20260909_165356,2026-09-09T21:56:46,small,448,128,5.00e-04,0.2,1,17,0.0846,0.4449,0.6759,0.5676,0.7674,0.5455,0.3624,0.1682,0.0275,small_s448_d128_lr0.001_p0.20
20260909_165356,2026-09-09T21:56:56,small,448,128,5.00e-04,0.2,1,18,0.0846,0.4550,0.6913,0.6001,0.7595,0.5597,0.3410,0.1757,0.0574,small_s448_d128_lr0.001_p0.20
20260909_165356,2026-09-09T21:57:21,small,448,128,3.00e-04,0.3,1,0,0.4315,0.3683,0.8527,0.8391,0.6513,0.2350,0.0000,0.0000,0.0000,small_s448_d128_lr0.0003_p0.30
20260909_165356,2026-09-09T21:57:27,small,448,128,3.00e-04,0.3,1,1,0.2357,0.3619,0.8122,0.7896,0.6612,0.2691,0.0000,0.0011,0.0000,small_s448_d128_lr0.0003_p0.30
20260909_165356,2026-09-09T21:57:33,small,448,128,3.00e-04,0.3,1,2,0.1974,0.3951,0.8120,0.7884,0.6588,0.3517,0.0550,0.1001,0.0000,small_s448_d128_lr0.0003_p0.30
20260909_165356,2026-09-09T21:57:40,small,448,128,3.00e-04,0.3,1,3,0.1736,0.3890,0.7477,0.6927,0.6699,0.3853,0.1178,0.1096,0.0000,small_s448_d128_lr0.0003_p0.30
20260909_165356,2026-09-09T21:57:47,small,448,128,3.00e-04,0.3,1,4,0.1585,0.4290,0.6929,0.6037,0.7170,0.4946,0.3527,0.1422,0.0000,small_s448_d128_lr0.0003_p0.30
20260909_165356,2026-09-09T21:57:52,small,448,128,3.00e-04,0.3,1,5,0.1505,0.3410,0.7405,0.6712,0.6109,0.1061,0.1228,0.1353,0.0000,small_s448_d128_lr0.0003_p0.30
20260909_165356,2026-09-09T21:57:58,small,448,128,3.00e-04,0.3,1,6,0.1401,0.4279,0.6959,0.6113,0.7552,0.4602,0.2738,0.1574,0.0417,small_s448_d128_lr0.0003_p0.30
20260909_165356,2026-09-09T21:58:04,small,448,128,3.00e-04,0.3,1,7,0.1222,0.4093,0.7320,0.6700,0.6819,0.3883,0.3122,0.0790,0.0014,small_s448_d128_lr0.0003_p0.30
20260909_165356,2026-09-09T21:58:09,small,448,128,3.00e-04,0.3,1,8,0.1196,0.4085,0.7047,0.6258,0.7599,0.2352,0.3248,0.1995,0.0098,small_s448_d128_lr0.0003_p0.30
20260909_165356,2026-09-09T21:58:15,small,448,128,3.00e-04,0.3,1,9,0.1116,0.4868,0.7565,0.7080,0.7481,0.5539,0.4165,0.1709,0.0538,small_s448_d128_lr0.0003_p0.30
20260909_165356,2026-09-09T21:58:21,small,448,128,3.00e-04,0.3,1,10,0.1096,0.4068,0.6823,0.5865,0.7491,0.3928,0.2399,0.1916,0.0058,small_s448_d128_lr0.0003_p0.30
20260909_165356,2026-09-09T21:58:26,small,448,128,3.00e-04,0.3,1,11,0.1187,0.4337,0.7969,0.7659,0.7265,0.1981,0.3191,0.2295,0.0000,small_s448_d128_lr0.0003_p0.30
20260909_165356,2026-09-09T21:58:32,small,448,128,3.00e-04,0.3,1,12,0.1068,0.4470,0.7011,0.6253,0.7300,0.2723,0.4415,0.2284,0.1306,small_s448_d128_lr0.0003_p0.30
20260909_165356,2026-09-09T21:58:38,small,448,128,3.00e-04,0.3,1,13,0.0993,0.4422,0.6867,0.5945,0.7357,0.3833,0.4045,0.2071,0.0838,small_s448_d128_lr0.0003_p0.30
20260909_165356,2026-09-09T21:58:43,small,448,128,1.50e-04,0.3,1,14,0.0979,0.4466,0.7026,0.6174,0.7394,0.4227,0.4438,0.1408,0.0592,small_s448_d128_lr0.0003_p0.30
20260909_165356,2026-09-09T21:58:49,small,448,128,1.50e-04,0.3,1,15,0.0868,0.4487,0.6804,0.5796,0.7476,0.4161,0.3977,0.2088,0.1103,small_s448_d128_lr0.0003_p0.30
20260909_165356,2026-09-09T21:58:55,small,448,128,1.50e-04,0.3,1,16,0.0840,0.4391,0.6755,0.5691,0.7545,0.4120,0.3918,0.2091,0.0614,small_s448_d128_lr0.0003_p0.30
20260909_165356,2026-09-09T21:59:01,small,448,128,1.50e-04,0.3,1,17,0.0818,0.4418,0.6696,0.5596,0.7461,0.4372,0.4079,0.2037,0.0688,small_s448_d128_lr0.0003_p0.30
20260909_165356,2026-09-09T21:59:07,small,448,128,1.50e-04,0.3,1,18,0.0807,0.4522,0.6703,0.5595,0.7572,0.4649,0.4550,0.2121,0.0461,small_s448_d128_lr0.0003_p0.30
20260909_165356,2026-09-09T21:59:28,small,448,256,3.00e-04,0.2,1,0,0.3495,0.3618,0.8708,0.8537,0.5755,0.2328,0.0000,0.0000,0.0000,small_s448_d256_lr0.0003_p0.20
20260909_165356,2026-09-09T21:59:35,small,448,256,3.00e-04,0.2,1,1,0.2097,0.3607,0.7749,0.7328,0.6670,0.3504,0.0000,0.0000,0.0000,small_s448_d256_lr0.0003_p0.20
20260909_165356,2026-09-09T21:59:41,small,448,256,3.00e-04,0.2,1,2,0.1757,0.3568,0.7230,0.6579,0.6932,0.3741,0.0046,0.0444,0.0000,small_s448_d256_lr0.0003_p0.20
20260909_165356,2026-09-09T21:59:47,small,448,256,3.00e-04,0.2,1,3,0.1532,0.4057,0.7762,0.7426,0.6831,0.4400,0.1142,0.0842,0.0000,small_s448_d256_lr0.0003_p0.20
20260909_165356,2026-09-09T21:59:54,small,448,256,3.00e-04,0.2,1,4,0.1545,0.3811,0.7146,0.6442,0.6419,0.3383,0.2431,0.0855,0.0000,small_s448_d256_lr0.0003_p0.20
20260909_165356,2026-09-09T22:00:00,small,448,256,3.00e-04,0.2,1,5,0.1395,0.4759,0.7811,0.7470,0.7117,0.6196,0.3779,0.0939,0.0000,small_s448_d256_lr0.0003_p0.20
20260909_165356,2026-09-09T22:00:06,small,448,256,3.00e-04,0.2,1,6,0.1206,0.4819,0.7578,0.7136,0.7362,0.4750,0.3036,0.1603,0.2269,small_s448_d256_lr0.0003_p0.20
20260909_165356,2026-09-09T22:00:13,small,448,256,3.00e-04,0.2,1,7,0.1176,0.5066,0.7888,0.7558,0.7051,0.5701,0.4326,0.1617,0.1324,small_s448_d256_lr0.0003_p0.20
20260909_165356,2026-09-09T22:00:19,small,448,256,3.00e-04,0.2,1,8,0.1134,0.4226,0.6895,0.5995,0.7624,0.4957,0.2041,0.1923,0.0144,small_s448_d256_lr0.0003_p0.20
20260909_165356,2026-09-09T22:00:25,small,448,256,3.00e-04,0.2,1,9,0.1053,0.4506,0.7043,0.6169,0.6970,0.6526,0.2835,0.1727,0.0268,small_s448_d256_lr0.0003_p0.20
20260909_165356,2026-09-09T22:00:31,small,448,256,3.00e-04,0.2,1,10,0.1010,0.4461,0.7046,0.6299,0.7679,0.4000,0.3984,0.1936,0.0284,small_s448_d256_lr0.0003_p0.20
20260909_165356,2026-09-09T22:00:37,small,448,256,3.00e-04,0.2,1,11,0.0987,0.4566,0.6864,0.5901,0.7544,0.6245,0.3575,0.1589,0.0246,small_s448_d256_lr0.0003_p0.20
20260909_165356,2026-09-09T22:00:43,small,448,256,1.50e-04,0.2,1,12,0.0961,0.4427,0.7690,0.7215,0.6484,0.4434,0.2136,0.2047,0.0984,small_s448_d256_lr0.0003_p0.20
20260909_165356,2026-09-09T22:00:51,small,448,256,1.50e-04,0.2,1,13,0.0863,0.4757,0.6760,0.5748,0.7554,0.6050,0.4379,0.1994,0.0815,small_s448_d256_lr0.0003_p0.20
20260909_165356,2026-09-09T22:00:58,small,448,256,1.50e-04,0.2,1,14,0.0785,0.4629,0.6721,0.5640,0.7633,0.5715,0.3866,0.2007,0.0822,small_s448_d256_lr0.0003_p0.20
20260909_165356,2026-09-09T22:01:05,small,448,256,1.50e-04,0.2,1,15,0.0749,0.4744,0.6794,0.5761,0.7301,0.6305,0.4156,0.1893,0.0996,small_s448_d256_lr0.0003_p0.20
20260909_165356,2026-09-09T22:01:11,small,448,256,1.50e-04,0.2,1,16,0.0746,0.4860,0.6894,0.5983,0.7713,0.6521,0.4526,0.1732,0.0648,small_s448_d256_lr0.0003_p0.20
20260909_165356,2026-09-09T22:02:03,base_plus,448,128,1.00e-03,0.3,1,0,0.3749,0.3569,0.8787,0.8650,0.6413,0.1131,0.0000,0.0000,0.0000,base_plus_s448_d128_lr0.001_p0.30
20260909_165356,2026-09-09T22:02:12,base_plus,448,128,1.00e-03,0.3,1,1,0.2262,0.3265,0.8587,0.8213,0.5210,0.0844,0.0000,0.0000,0.0000,base_plus_s448_d128_lr0.001_p0.30
20260909_165356,2026-09-09T22:02:20,base_plus,448,128,1.00e-03,0.3,1,2,0.2028,0.3236,0.6767,0.5778,0.6706,0.3220,0.0137,0.0041,0.0000,base_plus_s448_d128_lr0.001_p0.30
20260909_165356,2026-09-09T22:02:30,base_plus,448,128,1.00e-03,0.3,1,3,0.1845,0.4034,0.8739,0.8659,0.6541,0.3311,0.0490,0.0500,0.0000,base_plus_s448_d128_lr0.001_p0.30
20260909_165356,2026-09-09T22:02:38,base_plus,448,128,1.00e-03,0.3,1,4,0.1769,0.3758,0.7192,0.6634,0.6884,0.3865,0.0908,0.0821,0.0000,base_plus_s448_d128_lr0.001_p0.30
20260909_165356,2026-09-09T22:02:46,base_plus,448,128,1.00e-03,0.3,1,5,0.1665,0.4300,0.8180,0.8007,0.7018,0.5130,0.0781,0.0986,0.0000,base_plus_s448_d128_lr0.001_p0.30
20260909_165356,2026-09-09T22:02:56,base_plus,448,128,1.00e-03,0.3,1,6,0.1503,0.4048,0.8071,0.7867,0.7038,0.3395,0.0964,0.1004,0.0000,base_plus_s448_d128_lr0.001_p0.30
20260909_165356,2026-09-09T22:03:05,base_plus,448,128,1.00e-03,0.3,1,7,0.1507,0.3796,0.8323,0.8045,0.6807,0.1333,0.1016,0.1049,0.0000,base_plus_s448_d128_lr0.001_p0.30
20260909_165356,2026-09-09T22:03:13,base_plus,448,128,1.00e-03,0.3,1,8,0.1384,0.4501,0.8582,0.8513,0.7038,0.5227,0.1085,0.1060,0.0000,base_plus_s448_d128_lr0.001_p0.30
20260909_165356,2026-09-09T22:03:23,base_plus,448,128,1.00e-03,0.3,1,9,0.1332,0.4340,0.7988,0.7723,0.6944,0.4190,0.2320,0.1213,0.0000,base_plus_s448_d128_lr0.001_p0.30
20260909_165356,2026-09-09T22:03:33,base_plus,448,128,1.00e-03,0.3,1,10,0.1196,0.4538,0.8397,0.8272,0.7451,0.3882,0.2441,0.1321,0.0000,base_plus_s448_d128_lr0.001_p0.30
20260909_165356,2026-09-09T22:03:41,base_plus,448,128,1.00e-03,0.3,1,11,0.1244,0.4557,0.8074,0.7873,0.7521,0.5071,0.2379,0.0979,0.0000,base_plus_s448_d128_lr0.001_p0.30
20260909_165356,2026-09-09T22:03:50,base_plus,448,128,1.00e-03,0.3,1,12,0.1140,0.4650,0.8306,0.8224,0.7692,0.4618,0.2292,0.1418,0.0000,base_plus_s448_d128_lr0.001_p0.30
20260909_165356,2026-09-09T22:04:00,base_plus,448,128,1.00e-03,0.3,1,13,0.1115,0.4284,0.7338,0.6795,0.7393,0.4047,0.3226,0.1191,0.0000,base_plus_s448_d128_lr0.001_p0.30
20260909_165356,2026-09-09T22:04:08,base_plus,448,128,1.00e-03,0.3,1,14,0.1104,0.4612,0.8132,0.7936,0.7312,0.4857,0.2691,0.1357,0.0000,base_plus_s448_d128_lr0.001_p0.30
20260909_165356,2026-09-09T22:04:17,base_plus,448,128,1.00e-03,0.3,1,15,0.1049,0.4720,0.8084,0.7913,0.7675,0.4787,0.3295,0.1283,0.0001,base_plus_s448_d128_lr0.001_p0.30
20260909_165356,2026-09-09T22:04:26,base_plus,448,128,1.00e-03,0.3,1,16,0.1060,0.4906,0.8114,0.7920,0.7392,0.4909,0.4559,0.1445,0.0000,base_plus_s448_d128_lr0.001_p0.30
20260909_165356,2026-09-09T22:04:35,base_plus,448,128,1.00e-03,0.3,1,17,0.1008,0.4628,0.7793,0.7429,0.7398,0.3677,0.4757,0.1339,0.0000,base_plus_s448_d128_lr0.001_p0.30
20260909_165356,2026-09-09T22:04:44,base_plus,448,128,1.00e-03,0.3,1,18,0.0968,0.4665,0.7519,0.7051,0.7376,0.4921,0.4440,0.1345,0.0000,base_plus_s448_d128_lr0.001_p0.30
20260909_165356,2026-09-09T22:04:54,base_plus,448,128,1.00e-03,0.3,1,19,0.0909,0.3931,0.6940,0.6017,0.7112,0.3945,0.2484,0.1018,0.0001,base_plus_s448_d128_lr0.001_p0.30
20260909_165356,2026-09-09T22:05:03,base_plus,448,128,1.00e-03,0.3,1,20,0.1012,0.4864,0.8087,0.7943,0.7812,0.5501,0.3152,0.1554,0.0000,base_plus_s448_d128_lr0.001_p0.30
20260909_165356,2026-09-09T22:05:13,base_plus,448,128,5.00e-04,0.3,1,21,0.0904,0.4840,0.7652,0.7308,0.7647,0.5569,0.4121,0.1583,0.0000,base_plus_s448_d128_lr0.001_p0.30
20260909_165356,2026-09-09T22:05:22,base_plus,448,128,5.00e-04,0.3,1,22,0.0818,0.4884,0.7894,0.7662,0.7584,0.5233,0.4226,0.1587,0.0000,base_plus_s448_d128_lr0.001_p0.30
20260909_165356,2026-09-09T22:05:31,base_plus,448,128,5.00e-04,0.3,1,23,0.0798,0.4809,0.7882,0.7604,0.7438,0.4903,0.4255,0.1580,0.0000,base_plus_s448_d128_lr0.001_p0.30
20260909_165356,2026-09-09T22:05:40,base_plus,448,128,5.00e-04,0.3,1,24,0.0780,0.4544,0.7484,0.7063,0.7460,0.4877,0.3296,0.1629,0.0000,base_plus_s448_d128_lr0.001_p0.30
20260909_165356,2026-09-09T22:05:49,base_plus,448,128,5.00e-04,0.3,1,25,0.0757,0.4860,0.7842,0.7604,0.7588,0.5715,0.3734,0.1534,0.0000,base_plus_s448_d128_lr0.001_p0.30
20260909_165356,2026-09-09T22:05:59,base_plus,448,128,5.00e-04,0.3,1,26,0.0773,0.4919,0.8107,0.7923,0.7383,0.5309,0.4233,0.1476,0.0000,base_plus_s448_d128_lr0.001_p0.30
20260909_165356,2026-09-09T22:06:07,base_plus,448,128,5.00e-04,0.3,1,27,0.0754,0.4745,0.7528,0.7128,0.7423,0.5417,0.4243,0.1475,0.0000,base_plus_s448_d128_lr0.001_p0.30
20260909_165356,2026-09-09T22:06:17,base_plus,448,128,5.00e-04,0.3,1,28,0.0738,0.4950,0.7864,0.7633,0.7696,0.5414,0.4448,0.1596,0.0000,base_plus_s448_d128_lr0.001_p0.30
20260909_165356,2026-09-09T22:06:26,base_plus,448,128,5.00e-04,0.3,1,29,0.0752,0.4941,0.7987,0.7774,0.7741,0.5373,0.3983,0.1731,0.0000,base_plus_s448_d128_lr0.001_p0.30
20260909_165356,2026-09-09T22:06:36,base_plus,448,128,5.00e-04,0.3,1,30,0.0735,0.4885,0.7769,0.7493,0.7735,0.5218,0.4360,0.1619,0.0000,base_plus_s448_d128_lr0.001_p0.30
20260909_165356,2026-09-09T22:06:45,base_plus,448,128,5.00e-04,0.3,1,31,0.0715,0.4750,0.7632,0.7287,0.7525,0.5301,0.3982,0.1520,0.0000,base_plus_s448_d128_lr0.001_p0.30
20260909_165356,2026-09-09T22:06:55,base_plus,448,128,5.00e-04,0.3,1,32,0.0734,0.4521,0.7788,0.7523,0.7289,0.4117,0.3751,0.1177,0.0000,base_plus_s448_d128_lr0.001_p0.30
20260909_165356,2026-09-09T22:07:02,base_plus,448,128,2.50e-04,0.3,1,33,0.0695,0.4844,0.7857,0.7581,0.7588,0.5109,0.4404,0.1368,0.0000,base_plus_s448_d128_lr0.001_p0.30
20260909_165356,2026-09-09T22:07:11,base_plus,448,128,2.50e-04,0.3,1,34,0.0641,0.4823,0.7639,0.7286,0.7437,0.5028,0.4805,0.1569,0.0000,base_plus_s448_d128_lr0.001_p0.30
20260909_165356,2026-09-09T22:07:20,base_plus,448,128,2.50e-04,0.3,1,35,0.0632,0.4948,0.7930,0.7703,0.7478,0.5296,0.4694,0.1535,0.0000,base_plus_s448_d128_lr0.001_p0.30
20260909_165356,2026-09-09T22:07:30,base_plus,448,128,2.50e-04,0.3,1,36,0.0619,0.5007,0.7785,0.7522,0.7529,0.6032,0.4635,0.1543,0.0000,base_plus_s448_d128_lr0.001_p0.30
20260909_165356,2026-09-09T22:07:38,base_plus,448,128,2.50e-04,0.3,1,37,0.0600,0.4864,0.7642,0.7317,0.7577,0.5425,0.4548,0.1536,0.0000,base_plus_s448_d128_lr0.001_p0.30
20260909_165356,2026-09-09T22:07:46,base_plus,448,128,2.50e-04,0.3,1,38,0.0606,0.4822,0.7517,0.7124,0.7502,0.5699,0.4355,0.1555,0.0000,base_plus_s448_d128_lr0.001_p0.30
20260909_165356,2026-09-09T22:07:54,base_plus,448,128,2.50e-04,0.3,1,39,0.0595,0.5008,0.8042,0.7869,0.7588,0.5786,0.4159,0.1611,0.0000,base_plus_s448_d128_lr0.001_p0.30
20260909_165356,2026-09-09T22:08:13,base_plus,448,256,1.00e-03,0.2,1,0,0.3144,0.3426,0.8800,0.8752,0.6170,0.0262,0.0000,0.0000,0.0000,base_plus_s448_d256_lr0.001_p0.20
20260909_165356,2026-09-09T22:08:22,base_plus,448,256,1.00e-03,0.2,1,1,0.2111,0.3069,0.8453,0.8340,0.4689,0.0000,0.0000,0.0000,0.0000,base_plus_s448_d256_lr0.001_p0.20
20260909_165356,2026-09-09T22:08:32,base_plus,448,256,1.00e-03,0.2,1,2,0.1897,0.3366,0.7402,0.6916,0.6873,0.2369,0.0000,0.0000,0.0000,base_plus_s448_d256_lr0.001_p0.20
20260909_165356,2026-09-09T22:08:41,base_plus,448,256,1.00e-03,0.2,1,3,0.1779,0.3834,0.8200,0.7993,0.6518,0.3876,0.0174,0.0073,0.0000,base_plus_s448_d256_lr0.001_p0.20
20260909_165356,2026-09-09T22:08:50,base_plus,448,256,1.00e-03,0.2,1,4,0.1654,0.4153,0.8562,0.8477,0.6466,0.4390,0.0938,0.0238,0.0000,base_plus_s448_d256_lr0.001_p0.20
20260909_165356,2026-09-09T22:09:00,base_plus,448,256,1.00e-03,0.2,1,5,0.1528,0.4322,0.8646,0.8580,0.6734,0.4541,0.1169,0.0584,0.0000,base_plus_s448_d256_lr0.001_p0.20
20260909_165356,2026-09-09T22:09:09,base_plus,448,256,1.00e-03,0.2,1,6,0.1552,0.3699,0.8387,0.8030,0.5152,0.2840,0.0269,0.1217,0.0000,base_plus_s448_d256_lr0.001_p0.20
20260909_165356,2026-09-09T22:09:18,base_plus,448,256,1.00e-03,0.2,1,7,0.1350,0.4519,0.7965,0.7761,0.7584,0.5931,0.1450,0.0939,0.0000,base_plus_s448_d256_lr0.001_p0.20
20260909_165356,2026-09-09T22:09:27,base_plus,448,256,1.00e-03,0.2,1,8,0.1323,0.4391,0.8257,0.8102,0.7405,0.3711,0.2098,0.1162,0.0000,base_plus_s448_d256_lr0.001_p0.20
20260909_165356,2026-09-09T22:09:35,base_plus,448,256,1.00e-03,0.2,1,9,0.1317,0.4263,0.6906,0.6114,0.7533,0.4639,0.3558,0.1091,0.0000,base_plus_s448_d256_lr0.001_p0.20
20260909_165356,2026-09-09T22:09:44,base_plus,448,256,1.00e-03,0.2,1,10,0.1203,0.4318,0.8223,0.8059,0.6851,0.3586,0.2339,0.1168,0.0000,base_plus_s448_d256_lr0.001_p0.20
20260909_165356,2026-09-09T22:09:53,base_plus,448,256,1.00e-03,0.2,1,11,0.1187,0.3885,0.7188,0.6523,0.7511,0.2782,0.1741,0.1451,0.0000,base_plus_s448_d256_lr0.001_p0.20
20260909_165356,2026-09-09T22:10:02,base_plus,448,256,1.00e-03,0.2,1,12,0.1191,0.4766,0.8307,0.8172,0.7738,0.4541,0.3375,0.1226,0.0000,base_plus_s448_d256_lr0.001_p0.20
20260909_165356,2026-09-09T22:10:10,base_plus,448,256,1.00e-03,0.2,1,13,0.1105,0.4565,0.8290,0.8175,0.7623,0.4032,0.2594,0.1239,0.0000,base_plus_s448_d256_lr0.001_p0.20
20260909_165356,2026-09-09T22:10:19,base_plus,448,256,1.00e-03,0.2,1,14,0.1074,0.4762,0.7660,0.7320,0.7541,0.3912,0.5677,0.1221,0.0000,base_plus_s448_d256_lr0.001_p0.20
20260909_165356,2026-09-09T22:10:29,base_plus,448,256,1.00e-03,0.2,1,15,0.1036,0.4716,0.7829,0.7523,0.7754,0.4573,0.3668,0.1662,0.0000,base_plus_s448_d256_lr0.001_p0.20
20260909_165356,2026-09-09T22:10:39,base_plus,448,256,1.00e-03,0.2,1,16,0.0966,0.5091,0.8191,0.8068,0.7856,0.6154,0.4190,0.1177,0.0000,base_plus_s448_d256_lr0.001_p0.20
20260909_165356,2026-09-09T22:10:47,base_plus,448,256,1.00e-03,0.2,1,17,0.0998,0.4927,0.8643,0.8627,0.7885,0.4128,0.4005,0.1202,0.0000,base_plus_s448_d256_lr0.001_p0.20
20260909_165356,2026-09-09T22:10:56,base_plus,448,256,1.00e-03,0.2,1,18,0.0984,0.4954,0.8203,0.8074,0.7812,0.4379,0.4945,0.1264,0.0000,base_plus_s448_d256_lr0.001_p0.20
20260909_165356,2026-09-09T22:11:04,base_plus,448,256,1.00e-03,0.2,1,19,0.0952,0.4085,0.7408,0.6849,0.5854,0.5402,0.2343,0.0738,0.0000,base_plus_s448_d256_lr0.001_p0.20
20260909_165356,2026-09-09T22:11:13,base_plus,448,256,1.00e-03,0.2,1,20,0.1132,0.5128,0.8309,0.8222,0.7903,0.5890,0.4383,0.1189,0.0000,base_plus_s448_d256_lr0.001_p0.20
20260909_165356,2026-09-09T22:11:21,base_plus,448,256,1.00e-03,0.2,1,21,0.0981,0.4967,0.8152,0.7875,0.7371,0.5585,0.4647,0.1138,0.0000,base_plus_s448_d256_lr0.001_p0.20
20260909_165356,2026-09-09T22:11:30,base_plus,448,256,1.00e-03,0.2,1,22,0.0916,0.4467,0.7179,0.6620,0.7456,0.5568,0.3534,0.0914,0.0000,base_plus_s448_d256_lr0.001_p0.20
20260909_165356,2026-09-09T22:11:38,base_plus,448,256,1.00e-03,0.2,1,23,0.0901,0.4961,0.7961,0.7748,0.8011,0.5992,0.3641,0.1375,0.0000,base_plus_s448_d256_lr0.001_p0.20
20260909_165356,2026-09-09T22:11:47,base_plus,448,256,1.00e-03,0.2,1,24,0.0842,0.4917,0.7916,0.7660,0.7692,0.5006,0.4835,0.1313,0.0000,base_plus_s448_d256_lr0.001_p0.20
20260909_165356,2026-09-09T22:11:56,base_plus,448,256,5.00e-04,0.2,1,25,0.0861,0.4919,0.8266,0.8172,0.7957,0.5348,0.3701,0.0987,0.0000,base_plus_s448_d256_lr0.001_p0.20
20260909_165356,2026-09-09T22:12:04,base_plus,448,256,5.00e-04,0.2,1,26,0.0811,0.4945,0.7413,0.6986,0.7831,0.6302,0.5034,0.1052,0.0000,base_plus_s448_d256_lr0.001_p0.20
20260909_165356,2026-09-09T22:12:13,base_plus,448,256,5.00e-04,0.2,1,27,0.0776,0.4792,0.7476,0.7062,0.7768,0.5984,0.4102,0.1154,0.0000,base_plus_s448_d256_lr0.001_p0.20
20260909_165356,2026-09-09T22:12:21,base_plus,448,256,5.00e-04,0.2,1,28,0.0708,0.4771,0.7397,0.6975,0.7787,0.5283,0.4720,0.1238,0.0000,base_plus_s448_d256_lr0.001_p0.20
20260909_165356,2026-09-09T22:12:30,base_plus,448,256,5.00e-04,0.2,1,29,0.0669,0.5076,0.7942,0.7738,0.7790,0.5310,0.5419,0.1331,0.0000,base_plus_s448_d256_lr0.001_p0.20
20260909_165356,2026-09-09T22:12:57,base_plus,448,256,3.00e-04,0.3,1,0,0.3695,0.3842,0.8399,0.8305,0.6973,0.3217,0.0000,0.0000,0.0000,base_plus_s448_d256_lr0.0003_p0.30
20260909_165356,2026-09-09T22:13:05,base_plus,448,256,3.00e-04,0.3,1,1,0.2195,0.3705,0.8463,0.8305,0.6391,0.1707,0.0184,0.0884,0.0000,base_plus_s448_d256_lr0.0003_p0.30
20260909_165356,2026-09-09T22:13:14,base_plus,448,256,3.00e-04,0.3,1,2,0.1931,0.3925,0.7785,0.7494,0.6614,0.4197,0.0781,0.0603,0.0000,base_plus_s448_d256_lr0.0003_p0.30
20260909_165356,2026-09-09T22:13:22,base_plus,448,256,3.00e-04,0.3,1,3,0.1668,0.3841,0.8067,0.7811,0.6727,0.3519,0.0507,0.0256,0.0000,base_plus_s448_d256_lr0.0003_p0.30
20260909_165356,2026-09-09T22:13:31,base_plus,448,256,3.00e-04,0.3,1,4,0.1670,0.4495,0.8809,0.8747,0.7075,0.3955,0.1550,0.1326,0.0000,base_plus_s448_d256_lr0.0003_p0.30
20260909_165356,2026-09-09T22:13:39,base_plus,448,256,3.00e-04,0.3,1,5,0.1406,0.4515,0.8278,0.8142,0.7420,0.4678,0.1784,0.1300,0.0000,base_plus_s448_d256_lr0.0003_p0.30
20260909_165356,2026-09-09T22:13:48,base_plus,448,256,3.00e-04,0.3,1,6,0.1488,0.4044,0.8594,0.8531,0.5983,0.2940,0.1114,0.1142,0.0000,base_plus_s448_d256_lr0.0003_p0.30
20260909_165356,2026-09-09T22:13:56,base_plus,448,256,3.00e-04,0.3,1,7,0.1342,0.4583,0.8450,0.8353,0.7379,0.4200,0.2396,0.1305,0.0000,base_plus_s448_d256_lr0.0003_p0.30
20260909_165356,2026-09-09T22:14:05,base_plus,448,256,3.00e-04,0.3,1,8,0.1298,0.4444,0.8893,0.8851,0.7152,0.3322,0.2011,0.0876,0.0000,base_plus_s448_d256_lr0.0003_p0.30
20260909_165356,2026-09-09T22:14:13,base_plus,448,256,3.00e-04,0.3,1,9,0.1224,0.5028,0.7941,0.7673,0.7664,0.5560,0.4653,0.1705,0.0001,base_plus_s448_d256_lr0.0003_p0.30
20260909_165356,2026-09-09T22:14:22,base_plus,448,256,3.00e-04,0.3,1,10,0.1131,0.4809,0.8403,0.8330,0.7645,0.5368,0.1907,0.2010,0.0000,base_plus_s448_d256_lr0.0003_p0.30
20260909_165356,2026-09-09T22:14:31,base_plus,448,256,3.00e-04,0.3,1,11,0.1088,0.4842,0.8273,0.8136,0.7343,0.4921,0.3386,0.1832,0.0000,base_plus_s448_d256_lr0.0003_p0.30
20260909_165356,2026-09-09T22:14:39,base_plus,448,256,3.00e-04,0.3,1,12,0.1012,0.4995,0.8413,0.8383,0.7757,0.5070,0.3505,0.1835,0.0000,base_plus_s448_d256_lr0.0003_p0.30
20260909_165356,2026-09-09T22:14:49,base_plus,448,256,3.00e-04,0.3,1,13,0.0963,0.4728,0.7542,0.7186,0.7752,0.4456,0.4405,0.1757,0.0000,base_plus_s448_d256_lr0.0003_p0.30
20260909_165356,2026-09-09T22:14:57,base_plus,448,256,1.50e-04,0.3,1,14,0.0963,0.4820,0.7843,0.7611,0.7442,0.4515,0.4833,0.1494,0.0000,base_plus_s448_d256_lr0.0003_p0.30
20260909_165356,2026-09-09T22:15:06,base_plus,448,256,1.50e-04,0.3,1,15,0.0850,0.5009,0.8123,0.7975,0.7707,0.5257,0.4259,0.1739,0.0000,base_plus_s448_d256_lr0.0003_p0.30
20260909_165356,2026-09-09T22:15:14,base_plus,448,256,1.50e-04,0.3,1,16,0.0831,0.4840,0.7834,0.7594,0.7581,0.4873,0.4363,0.1634,0.0000,base_plus_s448_d256_lr0.0003_p0.30
20260909_165356,2026-09-09T22:15:22,base_plus,448,256,1.50e-04,0.3,1,17,0.0798,0.4933,0.8175,0.8071,0.7695,0.5027,0.4030,0.1534,0.0000,base_plus_s448_d256_lr0.0003_p0.30
20260909_165356,2026-09-09T22:15:31,base_plus,448,256,1.50e-04,0.3,1,18,0.0787,0.5014,0.8038,0.7889,0.7775,0.5193,0.4596,0.1606,0.0000,base_plus_s448_d256_lr0.0003_p0.30
20260909_165356,2026-09-09T22:16:09,large,448,128,3.00e-04,0.2,1,0,0.4403,0.3352,0.7958,0.7681,0.6917,0.0908,0.0000,0.0000,0.0000,large_s448_d128_lr0.0003_p0.20
20260909_165356,2026-09-09T22:16:28,large,448,128,3.00e-04,0.2,1,1,0.2452,0.3736,0.7929,0.7617,0.6960,0.3645,0.0000,0.0000,0.0000,large_s448_d128_lr0.0003_p0.20
20260909_165356,2026-09-09T22:16:48,large,448,128,3.00e-04,0.2,1,2,0.1977,0.3751,0.7944,0.7648,0.7001,0.3662,0.0000,0.0000,0.0000,large_s448_d128_lr0.0003_p0.20
20260909_165356,2026-09-09T22:17:07,large,448,128,3.00e-04,0.2,1,3,0.1760,0.3576,0.7122,0.6346,0.7149,0.3788,0.0000,0.0623,0.0000,large_s448_d128_lr0.0003_p0.20
20260909_165356,2026-09-09T22:17:27,large,448,128,3.00e-04,0.2,1,4,0.1591,0.3812,0.7750,0.7331,0.6961,0.3401,0.0617,0.0475,0.0149,large_s448_d128_lr0.0003_p0.20
20260909_165356,2026-09-09T22:17:46,large,448,128,3.00e-04,0.2,1,5,0.1475,0.4576,0.7878,0.7577,0.7667,0.4808,0.3275,0.0829,0.0000,large_s448_d128_lr0.0003_p0.20
20260909_165356,2026-09-09T22:18:05,large,448,128,3.00e-04,0.2,1,6,0.1381,0.3742,0.7501,0.6973,0.7150,0.2414,0.1006,0.0659,0.0493,large_s448_d128_lr0.0003_p0.20
20260909_165356,2026-09-09T22:18:24,large,448,128,3.00e-04,0.2,1,7,0.1340,0.4636,0.7750,0.7351,0.7181,0.5632,0.3582,0.0956,0.0000,large_s448_d128_lr0.0003_p0.20
20260909_165356,2026-09-09T22:18:44,large,448,128,3.00e-04,0.2,1,8,0.1260,0.3750,0.7068,0.6208,0.7273,0.1785,0.2917,0.0874,0.0123,large_s448_d128_lr0.0003_p0.20
20260909_165356,2026-09-09T22:19:03,large,448,128,3.00e-04,0.2,1,9,0.1182,0.4865,0.7472,0.6950,0.7410,0.5198,0.4931,0.1304,0.0791,large_s448_d128_lr0.0003_p0.20
20260909_165356,2026-09-09T22:19:22,large,448,128,3.00e-04,0.2,1,10,0.1156,0.4991,0.7485,0.6991,0.7684,0.5189,0.5371,0.1298,0.0917,large_s448_d128_lr0.0003_p0.20
20260909_165356,2026-09-09T22:19:42,large,448,128,3.00e-04,0.2,1,11,0.1124,0.4733,0.8117,0.7880,0.7340,0.3630,0.3617,0.1182,0.1366,large_s448_d128_lr0.0003_p0.20
20260909_165356,2026-09-09T22:20:01,large,448,128,3.00e-04,0.2,1,12,0.1060,0.4712,0.7748,0.7362,0.7646,0.3510,0.2897,0.1805,0.2016,large_s448_d128_lr0.0003_p0.20
20260909_165356,2026-09-09T22:20:21,large,448,128,3.00e-04,0.2,1,13,0.0991,0.4791,0.7453,0.6935,0.7649,0.4221,0.4691,0.1684,0.0901,large_s448_d128_lr0.0003_p0.20
20260909_165356,2026-09-09T22:20:40,large,448,128,3.00e-04,0.2,1,14,0.1009,0.4277,0.6974,0.6060,0.7541,0.3107,0.3139,0.1505,0.1610,large_s448_d128_lr0.0003_p0.20
20260909_165356,2026-09-09T22:20:59,large,448,128,1.50e-04,0.2,1,15,0.0945,0.4637,0.7528,0.7069,0.7672,0.2817,0.3905,0.1813,0.1656,large_s448_d128_lr0.0003_p0.20
20260909_165356,2026-09-09T22:21:18,large,448,128,1.50e-04,0.2,1,16,0.0871,0.4767,0.7444,0.6883,0.7733,0.3134,0.4604,0.1869,0.1698,large_s448_d128_lr0.0003_p0.20
20260909_165356,2026-09-09T22:21:37,large,448,128,1.50e-04,0.2,1,17,0.0847,0.4772,0.7617,0.7163,0.7844,0.3185,0.3904,0.1927,0.1762,large_s448_d128_lr0.0003_p0.20
20260909_165356,2026-09-09T22:21:56,large,448,128,1.50e-04,0.2,1,18,0.0800,0.4860,0.7510,0.7004,0.7753,0.3582,0.4561,0.1841,0.1767,large_s448_d128_lr0.0003_p0.20
20260909_165356,2026-09-09T22:22:15,large,448,128,1.50e-04,0.2,1,19,0.0807,0.4799,0.7358,0.6762,0.7806,0.3490,0.4658,0.1946,0.1574,large_s448_d128_lr0.0003_p0.20
20260909_165356,2026-09-09T22:23:04,large,448,256,1.00e-03,0.3,1,0,0.3274,0.2958,0.6886,0.5865,0.5857,0.2099,0.0000,0.0000,0.0000,large_s448_d256_lr0.001_p0.30
20260909_165356,2026-09-09T22:23:23,large,448,256,1.00e-03,0.3,1,1,0.2235,0.3575,0.7791,0.7457,0.6219,0.2890,0.0000,0.0669,0.0000,large_s448_d256_lr0.001_p0.30
20260909_165356,2026-09-09T22:23:43,large,448,256,1.00e-03,0.3,1,2,0.2148,0.3487,0.7051,0.6183,0.6806,0.2411,0.0554,0.1405,0.0000,large_s448_d256_lr0.001_p0.30
20260909_165356,2026-09-09T22:24:03,large,448,256,1.00e-03,0.3,1,3,0.1891,0.3115,0.7273,0.6521,0.5317,0.1716,0.0129,0.0850,0.0000,large_s448_d256_lr0.001_p0.30
20260909_165356,2026-09-09T22:24:23,large,448,256,1.00e-03,0.3,1,4,0.1847,0.2649,0.6982,0.5737,0.4150,0.0780,0.0099,0.0792,0.0000,large_s448_d256_lr0.001_p0.30
20260909_165356,2026-09-09T22:24:43,large,448,256,1.00e-03,0.3,1,5,0.1765,0.4147,0.7119,0.6328,0.6909,0.4779,0.2446,0.1449,0.0000,large_s448_d256_lr0.001_p0.30
20260909_165356,2026-09-09T22:25:03,large,448,256,1.00e-03,0.3,1,6,0.1560,0.4071,0.7433,0.6859,0.7016,0.4931,0.1373,0.0885,0.0000,large_s448_d256_lr0.001_p0.30
20260909_165356,2026-09-09T22:25:22,large,448,256,1.00e-03,0.3,1,7,0.1485,0.4054,0.7469,0.6954,0.7426,0.2633,0.2661,0.1235,0.0000,large_s448_d256_lr0.001_p0.30
20260909_165356,2026-09-09T22:25:42,large,448,256,1.00e-03,0.3,1,8,0.1418,0.4550,0.7552,0.7060,0.7187,0.4746,0.4013,0.1274,0.0017,large_s448_d256_lr0.001_p0.30
20260909_165356,2026-09-09T22:26:02,large,448,256,1.00e-03,0.3,1,9,0.1398,0.3952,0.6785,0.5711,0.7381,0.3304,0.2715,0.1767,0.0000,large_s448_d256_lr0.001_p0.30
20260909_165356,2026-09-09T22:26:21,large,448,256,1.00e-03,0.3,1,10,0.1304,0.4419,0.7100,0.6367,0.7307,0.4903,0.4021,0.1050,0.0185,large_s448_d256_lr0.001_p0.30
20260909_165356,2026-09-09T22:26:41,large,448,256,1.00e-03,0.3,1,11,0.1309,0.4727,0.7283,0.6651,0.7597,0.5418,0.4781,0.1360,0.0003,large_s448_d256_lr0.001_p0.30
20260909_165356,2026-09-09T22:27:01,large,448,256,1.00e-03,0.3,1,12,0.1219,0.4525,0.7084,0.6288,0.7249,0.5835,0.3734,0.1448,0.0038,large_s448_d256_lr0.001_p0.30
20260909_165356,2026-09-09T22:27:21,large,448,256,1.00e-03,0.3,1,13,0.1143,0.4650,0.8071,0.7713,0.5859,0.5240,0.3985,0.0793,0.0890,large_s448_d256_lr0.001_p0.30
20260909_165356,2026-09-09T22:27:41,large,448,256,1.00e-03,0.3,1,14,0.1137,0.4307,0.7951,0.7658,0.7566,0.1961,0.3630,0.1376,0.0005,large_s448_d256_lr0.001_p0.30
20260909_165356,2026-09-09T22:28:01,large,448,256,1.00e-03,0.3,1,15,0.1054,0.5012,0.8162,0.7927,0.7462,0.3879,0.4291,0.2035,0.1327,large_s448_d256_lr0.001_p0.30
20260909_165356,2026-09-09T22:28:20,large,448,256,1.00e-03,0.3,1,16,0.1052,0.4524,0.7336,0.6713,0.7511,0.3602,0.5119,0.1386,0.0000,large_s448_d256_lr0.001_p0.30
20260909_165356,2026-09-09T22:28:40,large,448,256,1.00e-03,0.3,1,17,0.1022,0.4616,0.7011,0.6212,0.7454,0.4035,0.5284,0.2106,0.0209,large_s448_d256_lr0.001_p0.30
20260909_165356,2026-09-09T22:29:00,large,448,256,1.00e-03,0.3,1,18,0.1006,0.4527,0.7541,0.6986,0.7265,0.4482,0.3334,0.1562,0.0521,large_s448_d256_lr0.001_p0.30
20260909_165356,2026-09-09T22:29:20,large,448,256,1.00e-03,0.3,1,19,0.0944,0.4893,0.7498,0.6981,0.7697,0.4496,0.4572,0.1980,0.1031,large_s448_d256_lr0.001_p0.30
20260909_165356,2026-09-09T22:29:40,large,448,256,5.00e-04,0.3,1,20,0.0965,0.4443,0.7268,0.6688,0.7527,0.4507,0.3034,0.1547,0.0530,large_s448_d256_lr0.001_p0.30
20260909_165356,2026-09-09T22:30:00,large,448,256,5.00e-04,0.3,1,21,0.0837,0.4350,0.6855,0.5920,0.7559,0.3993,0.3860,0.1697,0.0569,large_s448_d256_lr0.001_p0.30
20260909_165356,2026-09-09T22:30:19,large,448,256,5.00e-04,0.3,1,22,0.0830,0.4689,0.7402,0.6861,0.7600,0.4277,0.4032,0.1623,0.1027,large_s448_d256_lr0.001_p0.30
20260909_165356,2026-09-09T22:30:39,large,448,256,5.00e-04,0.3,1,23,0.0789,0.4447,0.6960,0.6062,0.7529,0.3824,0.4041,0.1670,0.1041,large_s448_d256_lr0.001_p0.30
20260909_165356,2026-09-09T22:30:59,large,448,256,5.00e-04,0.3,1,24,0.0774,0.4519,0.6954,0.6040,0.7394,0.4133,0.4699,0.1731,0.0679,large_s448_d256_lr0.001_p0.30
20260909_165356,2026-09-09T21:54:22,small,448,128,1.00e-03,0.3,1,0,0.3533,0.3022,0.7984,0.7596,0.5246,0.0330,0.0000,0.0000,0.0000,small_s448_d128_lr0.001_p0.30
20260909_165356,2026-09-09T21:54:31,small,448,128,1.00e-03,0.3,1,1,0.2377,0.3752,0.8380,0.8100,0.5447,0.4338,0.0000,0.0000,0.0000,small_s448_d128_lr0.001_p0.30
20260909_165356,2026-09-09T21:54:39,small,448,128,1.00e-03,0.3,1,2,0.2145,0.3661,0.7629,0.7174,0.6592,0.4230,0.0000,0.0000,0.0000,small_s448_d128_lr0.001_p0.30
20260909_165356,2026-09-09T21:54:48,small,448,128,1.00e-03,0.3,1,3,0.1861,0.3772,0.8642,0.8490,0.6420,0.2850,0.0000,0.0000,0.0000,small_s448_d128_lr0.001_p0.30
20260909_165356,2026-09-09T21:54:56,small,448,128,1.00e-03,0.3,1,4,0.1813,0.3851,0.7271,0.6568,0.6222,0.3764,0.1774,0.1357,0.0000,small_s448_d128_lr0.001_p0.30
20260909_165356,2026-09-09T21:55:04,small,448,128,1.00e-03,0.3,1,5,0.1556,0.3916,0.8105,0.7754,0.5821,0.3207,0.2277,0.0249,0.0000,small_s448_d128_lr0.001_p0.30
20260909_165356,2026-09-09T21:55:11,small,448,128,1.00e-03,0.3,1,6,0.1445,0.4112,0.7582,0.7095,0.6207,0.5215,0.2038,0.0649,0.0000,small_s448_d128_lr0.001_p0.30
20260909_165356,2026-09-09T21:55:19,small,448,128,1.00e-03,0.3,1,7,0.1456,0.3912,0.7244,0.6576,0.7119,0.3679,0.1533,0.1232,0.0000,small_s448_d128_lr0.001_p0.30
20260909_165356,2026-09-09T21:55:27,small,448,128,1.00e-03,0.3,1,8,0.1334,0.4418,0.8210,0.7969,0.6290,0.5341,0.1353,0.1663,0.0098,small_s448_d128_lr0.001_p0.30
20260909_165356,2026-09-09T21:55:35,small,448,128,1.00e-03,0.3,1,9,0.1352,0.3545,0.7472,0.6726,0.4904,0.3784,0.1371,0.0559,0.0000,small_s448_d128_lr0.001_p0.30
20260909_165356,2026-09-09T21:55:42,small,448,128,1.00e-03,0.3,1,10,0.1436,0.3786,0.6786,0.5785,0.6850,0.4032,0.1564,0.1485,0.0000,small_s448_d128_lr0.001_p0.30
20260909_165356,2026-09-09T21:55:50,small,448,128,1.00e-03,0.3,1,11,0.1216,0.4010,0.6703,0.5550,0.6633,0.5048,0.2868,0.1267,0.0003,small_s448_d128_lr0.001_p0.30
20260909_165356,2026-09-09T21:55:58,small,448,128,1.00e-03,0.3,1,12,0.1166,0.4497,0.7482,0.6992,0.7236,0.5466,0.2827,0.1449,0.0030,small_s448_d128_lr0.001_p0.30
20260909_165356,2026-09-09T21:56:06,small,448,128,1.00e-03,0.3,1,13,0.1088,0.4121,0.7238,0.6543,0.7118,0.4168,0.1905,0.1674,0.0202,small_s448_d128_lr0.001_p0.30
20260909_165356,2026-09-09T21:56:16,small,448,128,1.00e-03,0.3,1,14,0.1085,0.4545,0.7242,0.6572,0.7531,0.6176,0.2687,0.1536,0.0068,small_s448_d128_lr0.001_p0.30
20260909_165356,2026-09-09T21:56:25,small,448,128,1.00e-03,0.3,1,15,0.1042,0.4749,0.7987,0.7653,0.7155,0.5322,0.3603,0.1274,0.0251,small_s448_d128_lr0.001_p0.30
20260909_165356,2026-09-09T21:56:36,small,448,128,1.00e-03,0.3,1,16,0.1024,0.4396,0.7360,0.6737,0.7302,0.5004,0.2620,0.1229,0.0523,small_s448_d128_lr0.001_p0.30
20260909_165356,2026-09-09T21:56:46,small,448,128,1.00e-03,0.3,1,17,0.0976,0.4367,0.6854,0.5878,0.7611,0.4590,0.3493,0.1626,0.0517,small_s448_d128_lr0.001_p0.30
20260909_165356,2026-09-09T21:56:55,small,448,128,1.00e-03,0.3,1,18,0.1013,0.4406,0.7259,0.6589,0.7507,0.5411,0.1973,0.1556,0.0550,small_s448_d128_lr0.001_p0.30
20260909_165356,2026-09-09T21:57:04,small,448,128,1.00e-03,0.3,1,19,0.0948,0.4468,0.7292,0.6642,0.7249,0.4980,0.3022,0.1757,0.0334,small_s448_d128_lr0.001_p0.30
20260909_165356,2026-09-09T21:57:11,small,448,128,5.00e-04,0.3,1,20,0.0930,0.4611,0.7114,0.6364,0.7654,0.5241,0.3457,0.2065,0.0378,small_s448_d128_lr0.001_p0.30
20260909_165356,2026-09-09T21:57:18,small,448,128,5.00e-04,0.3,1,21,0.0829,0.4539,0.7126,0.6369,0.7380,0.5969,0.3055,0.1693,0.0182,small_s448_d128_lr0.001_p0.30
20260909_165356,2026-09-09T21:57:25,small,448,128,5.00e-04,0.3,1,22,0.0818,0.4321,0.6859,0.5900,0.7666,0.4509,0.2905,0.1632,0.0777,small_s448_d128_lr0.001_p0.30
20260909_165356,2026-09-09T21:57:33,small,448,128,5.00e-04,0.3,1,23,0.0788,0.4747,0.7045,0.6242,0.7569,0.6697,0.3514,0.1843,0.0319,small_s448_d128_lr0.001_p0.30
20260909_165356,2026-09-09T21:57:41,small,448,128,5.00e-04,0.3,1,24,0.0793,0.4403,0.6837,0.5860,0.7653,0.5374,0.3294,0.1584,0.0220,small_s448_d128_lr0.001_p0.30
20260909_165356,2026-09-09T21:58:04,small,448,256,1.00e-03,0.2,1,0,0.2964,0.3256,0.7146,0.6440,0.6363,0.2844,0.0000,0.0000,0.0000,small_s448_d256_lr0.001_p0.20
20260909_165356,2026-09-09T21:58:10,small,448,256,1.00e-03,0.2,1,1,0.2121,0.4041,0.8208,0.8027,0.6906,0.5148,0.0000,0.0000,0.0000,small_s448_d256_lr0.001_p0.20
20260909_165356,2026-09-09T21:58:16,small,448,256,1.00e-03,0.2,1,2,0.1984,0.3572,0.7101,0.6305,0.6566,0.5032,0.0000,0.0000,0.0000,small_s448_d256_lr0.001_p0.20
20260909_165356,2026-09-09T21:58:22,small,448,256,1.00e-03,0.2,1,3,0.1740,0.3773,0.7708,0.7315,0.6986,0.4405,0.0000,0.0000,0.0000,small_s448_d256_lr0.001_p0.20
20260909_165356,2026-09-09T21:58:29,small,448,256,1.00e-03,0.2,1,4,0.1637,0.4098,0.8313,0.8148,0.7016,0.4969,0.0187,0.0050,0.0000,small_s448_d256_lr0.001_p0.20
20260909_165356,2026-09-09T21:58:35,small,448,256,1.00e-03,0.2,1,5,0.1563,0.4174,0.7164,0.6499,0.7522,0.4623,0.2524,0.0887,0.0000,small_s448_d256_lr0.001_p0.20
20260909_165356,2026-09-09T21:58:41,small,448,256,1.00e-03,0.2,1,6,0.1392,0.3653,0.6707,0.5555,0.6781,0.3483,0.2063,0.0986,0.0000,small_s448_d256_lr0.001_p0.20
20260909_165356,2026-09-09T21:58:47,small,448,256,1.00e-03,0.2,1,7,0.1307,0.4200,0.7065,0.6323,0.7433,0.5559,0.1795,0.1227,0.0000,small_s448_d256_lr0.001_p0.20
20260909_165356,2026-09-09T21:58:53,small,448,256,1.00e-03,0.2,1,8,0.1315,0.3947,0.7067,0.6267,0.6673,0.3975,0.2234,0.1412,0.0000,small_s448_d256_lr0.001_p0.20
20260909_165356,2026-09-09T21:58:59,small,448,256,1.00e-03,0.2,1,9,0.1288,0.4020,0.6828,0.5728,0.5473,0.5510,0.3245,0.1357,0.0000,small_s448_d256_lr0.001_p0.20
20260909_165356,2026-09-09T21:59:06,small,448,256,1.00e-03,0.2,1,10,0.1261,0.4231,0.7227,0.6603,0.7423,0.3460,0.3352,0.1555,0.0000,small_s448_d256_lr0.001_p0.20
20260909_165356,2026-09-09T21:59:12,small,448,256,1.00e-03,0.2,1,11,0.1188,0.4502,0.7235,0.6575,0.7351,0.5046,0.3697,0.1610,0.0000,small_s448_d256_lr0.001_p0.20
20260909_165356,2026-09-09T21:59:18,small,448,256,1.00e-03,0.2,1,12,0.1133,0.4186,0.6870,0.5910,0.7156,0.5235,0.2853,0.1249,0.0028,small_s448_d256_lr0.001_p0.20
20260909_165356,2026-09-09T21:59:24,small,448,256,1.00e-03,0.2,1,13,0.1039,0.4105,0.7004,0.6194,0.7448,0.4840,0.2381,0.0869,0.0000,small_s448_d256_lr0.001_p0.20
20260909_165356,2026-09-09T21:59:30,small,448,256,1.00e-03,0.2,1,14,0.1087,0.3996,0.6939,0.6000,0.6665,0.3862,0.2961,0.1328,0.0221,small_s448_d256_lr0.001_p0.20
20260909_165356,2026-09-09T21:59:36,small,448,256,1.00e-03,0.2,1,15,0.1012,0.4619,0.7328,0.6742,0.7576,0.5537,0.3040,0.2099,0.0012,small_s448_d256_lr0.001_p0.20
20260909_165356,2026-09-09T21:59:42,small,448,256,1.00e-03,0.2,1,16,0.1065,0.4124,0.7143,0.6419,0.6349,0.4846,0.2809,0.1300,0.0000,small_s448_d256_lr0.001_p0.20
20260909_165356,2026-09-09T21:59:49,small,448,256,1.00e-03,0.2,1,17,0.0992,0.4337,0.7131,0.6336,0.7047,0.4224,0.2819,0.2089,0.0714,small_s448_d256_lr0.001_p0.20
20260909_165356,2026-09-09T21:59:55,small,448,256,1.00e-03,0.2,1,18,0.0916,0.4569,0.7259,0.6584,0.7075,0.5969,0.2902,0.1724,0.0471,small_s448_d256_lr0.001_p0.20
20260909_165356,2026-09-09T22:00:01,small,448,256,1.00e-03,0.2,1,19,0.0909,0.4404,0.7281,0.6562,0.5569,0.5952,0.3329,0.1357,0.0777,small_s448_d256_lr0.001_p0.20
20260909_165356,2026-09-09T22:00:08,small,448,256,5.00e-04,0.2,1,20,0.0889,0.4192,0.6695,0.5550,0.6721,0.5123,0.2825,0.1751,0.0681,small_s448_d256_lr0.001_p0.20
20260909_165356,2026-09-09T22:00:14,small,448,256,5.00e-04,0.2,1,21,0.0806,0.4621,0.6913,0.5975,0.7489,0.5881,0.3307,0.2335,0.0445,small_s448_d256_lr0.001_p0.20
20260909_165356,2026-09-09T22:00:21,small,448,256,5.00e-04,0.2,1,22,0.0743,0.4604,0.6895,0.5943,0.7111,0.5601,0.3735,0.2296,0.0645,small_s448_d256_lr0.001_p0.20
20260909_165356,2026-09-09T22:00:28,small,448,256,5.00e-04,0.2,1,23,0.0757,0.4555,0.6733,0.5660,0.7533,0.5291,0.3884,0.2102,0.0683,small_s448_d256_lr0.001_p0.20
20260909_165356,2026-09-09T22:00:34,small,448,256,5.00e-04,0.2,1,24,0.0712,0.4588,0.6949,0.6045,0.7053,0.5500,0.3591,0.2371,0.0605,small_s448_d256_lr0.001_p0.20
20260909_165356,2026-09-09T22:00:41,small,448,256,5.00e-04,0.2,1,25,0.0734,0.4597,0.6927,0.6041,0.7139,0.5446,0.3525,0.2371,0.0731,small_s448_d256_lr0.001_p0.20
20260909_165356,2026-09-09T22:00:49,small,448,256,2.50e-04,0.2,1,26,0.0713,0.4591,0.6839,0.5842,0.7636,0.5967,0.3255,0.2200,0.0395,small_s448_d256_lr0.001_p0.20
20260909_165356,2026-09-09T22:00:56,small,448,256,2.50e-04,0.2,1,27,0.0652,0.4847,0.7118,0.6361,0.7361,0.5949,0.4312,0.2334,0.0495,small_s448_d256_lr0.001_p0.20
20260909_165356,2026-09-09T22:01:03,small,448,256,2.50e-04,0.2,1,28,0.0620,0.4794,0.6898,0.5978,0.7625,0.5900,0.4261,0.2363,0.0530,small_s448_d256_lr0.001_p0.20
20260909_165356,2026-09-09T22:01:10,small,448,256,2.50e-04,0.2,1,29,0.0623,0.4587,0.6908,0.5986,0.7105,0.5641,0.3598,0.2325,0.0546,small_s448_d256_lr0.001_p0.20
20260909_165356,2026-09-09T22:01:17,small,448,256,2.50e-04,0.2,1,30,0.0611,0.4426,0.6742,0.5589,0.6647,0.5768,0.3497,0.2171,0.0563,small_s448_d256_lr0.001_p0.20
20260909_165356,2026-09-09T22:01:24,small,448,256,2.50e-04,0.2,1,31,0.0605,0.4791,0.7015,0.6163,0.7214,0.5968,0.4063,0.2377,0.0735,small_s448_d256_lr0.001_p0.20
20260909_165356,2026-09-09T22:01:30,small,448,256,1.25e-04,0.2,1,32,0.0611,0.4793,0.7086,0.6292,0.7501,0.5546,0.4141,0.2339,0.0648,small_s448_d256_lr0.001_p0.20
20260909_165356,2026-09-09T22:01:36,small,448,256,1.25e-04,0.2,1,33,0.0582,0.4835,0.6893,0.5958,0.7282,0.6024,0.4603,0.2432,0.0654,small_s448_d256_lr0.001_p0.20
20260909_165356,2026-09-09T22:01:42,small,448,256,1.25e-04,0.2,1,34,0.0553,0.4828,0.6912,0.5990,0.7199,0.6215,0.4363,0.2458,0.0659,small_s448_d256_lr0.001_p0.20
20260909_165356,2026-09-09T22:01:48,small,448,256,1.25e-04,0.2,1,35,0.0542,0.4775,0.6935,0.6029,0.7380,0.5920,0.4210,0.2265,0.0686,small_s448_d256_lr0.001_p0.20
20260909_165356,2026-09-09T22:01:54,small,448,256,1.25e-04,0.2,1,36,0.0534,0.4883,0.6976,0.6121,0.7344,0.6435,0.4326,0.2401,0.0579,small_s448_d256_lr0.001_p0.20
20260909_165356,2026-09-09T22:02:00,small,448,256,1.25e-04,0.2,1,37,0.0538,0.4911,0.6970,0.6112,0.7464,0.6425,0.4554,0.2407,0.0442,small_s448_d256_lr0.001_p0.20
20260909_165356,2026-09-09T22:02:06,small,448,256,1.25e-04,0.2,1,38,0.0539,0.4808,0.6797,0.5782,0.7216,0.6554,0.4304,0.2408,0.0595,small_s448_d256_lr0.001_p0.20
20260909_165356,2026-09-09T22:02:13,small,448,256,1.25e-04,0.2,1,39,0.0517,0.4785,0.6869,0.5920,0.7177,0.6453,0.3941,0.2467,0.0665,small_s448_d256_lr0.001_p0.20
20260909_165356,2026-09-09T22:02:29,small,448,256,3.00e-04,0.3,1,0,0.3771,0.3968,0.8895,0.8807,0.6430,0.3643,0.0000,0.0000,0.0000,small_s448_d256_lr0.0003_p0.30
20260909_165356,2026-09-09T22:02:36,small,448,256,3.00e-04,0.3,1,1,0.2248,0.3930,0.8476,0.8304,0.6819,0.2912,0.0053,0.0945,0.0000,small_s448_d256_lr0.0003_p0.30
20260909_165356,2026-09-09T22:02:42,small,448,256,3.00e-04,0.3,1,2,0.1834,0.2618,0.7090,0.5524,0.2762,0.1066,0.0646,0.1238,0.0000,small_s448_d256_lr0.0003_p0.30
20260909_165356,2026-09-09T22:02:48,small,448,256,3.00e-04,0.3,1,3,0.1656,0.4923,0.8779,0.8730,0.7573,0.4532,0.3105,0.1741,0.0000,small_s448_d256_lr0.0003_p0.30
20260909_165356,2026-09-09T22:02:56,small,448,256,3.00e-04,0.3,1,4,0.1456,0.4466,0.7326,0.6781,0.7270,0.4964,0.3426,0.1482,0.0013,small_s448_d256_lr0.0003_p0.30
20260909_165356,2026-09-09T22:03:04,small,448,256,3.00e-04,0.3,1,5,0.1404,0.4427,0.7221,0.6531,0.6598,0.5746,0.3473,0.1420,0.0000,small_s448_d256_lr0.0003_p0.30
20260909_165356,2026-09-09T22:03:10,small,448,256,3.00e-04,0.3,1,6,0.1289,0.3913,0.6831,0.5798,0.6875,0.3749,0.2141,0.1726,0.0269,small_s448_d256_lr0.0003_p0.30
20260909_165356,2026-09-09T22:03:16,small,448,256,3.00e-04,0.3,1,7,0.1260,0.3393,0.7287,0.6346,0.4508,0.3191,0.1446,0.0958,0.0017,small_s448_d256_lr0.0003_p0.30
20260909_165356,2026-09-09T22:03:23,small,448,256,1.50e-04,0.3,1,8,0.1187,0.4513,0.7358,0.6760,0.7265,0.4392,0.3351,0.1485,0.0980,small_s448_d256_lr0.0003_p0.30
20260909_165356,2026-09-09T22:03:31,small,448,256,1.50e-04,0.3,1,9,0.0977,0.4273,0.7023,0.6161,0.7341,0.4176,0.2929,0.1508,0.0773,small_s448_d256_lr0.0003_p0.30
20260909_165356,2026-09-09T22:03:37,small,448,256,1.50e-04,0.3,1,10,0.0966,0.4481,0.7343,0.6757,0.7079,0.4961,0.2821,0.1568,0.0837,small_s448_d256_lr0.0003_p0.30
20260909_165356,2026-09-09T22:03:43,small,448,256,1.50e-04,0.3,1,11,0.0906,0.4510,0.7242,0.6556,0.7363,0.4466,0.3080,0.1804,0.1059,small_s448_d256_lr0.0003_p0.30
20260909_165356,2026-09-09T22:03:51,small,448,256,1.50e-04,0.3,1,12,0.0910,0.4254,0.6785,0.5713,0.7017,0.4110,0.3322,0.1555,0.1278,small_s448_d256_lr0.0003_p0.30
20260909_165356,2026-09-09T22:04:17,base_plus,448,128,3.00e-04,0.2,1,0,0.4392,0.3438,0.8408,0.8275,0.6153,0.1232,0.0000,0.0000,0.0000,base_plus_s448_d128_lr0.0003_p0.20
20260909_165356,2026-09-09T22:04:26,base_plus,448,128,3.00e-04,0.2,1,1,0.2314,0.3424,0.7484,0.7181,0.6865,0.2435,0.0000,0.0000,0.0000,base_plus_s448_d128_lr0.0003_p0.20
20260909_165356,2026-09-09T22:04:35,base_plus,448,128,3.00e-04,0.2,1,2,0.1974,0.3591,0.7689,0.7342,0.7173,0.2891,0.0000,0.0043,0.0000,base_plus_s448_d128_lr0.0003_p0.20
20260909_165356,2026-09-09T22:04:44,base_plus,448,128,3.00e-04,0.2,1,3,0.1763,0.3890,0.8045,0.7919,0.7347,0.3606,0.0000,0.0315,0.0000,base_plus_s448_d128_lr0.0003_p0.20
20260909_165356,2026-09-09T22:04:54,base_plus,448,128,3.00e-04,0.2,1,4,0.1654,0.2994,0.7018,0.6176,0.6197,0.1003,0.0379,0.0185,0.0000,base_plus_s448_d128_lr0.0003_p0.20
20260909_165356,2026-09-09T22:05:03,base_plus,448,128,3.00e-04,0.2,1,5,0.1540,0.4235,0.8360,0.8247,0.7394,0.4235,0.0579,0.0828,0.0000,base_plus_s448_d128_lr0.0003_p0.20
20260909_165356,2026-09-09T22:05:13,base_plus,448,128,3.00e-04,0.2,1,6,0.1388,0.4305,0.7291,0.6859,0.7586,0.5909,0.1645,0.0842,0.0000,base_plus_s448_d128_lr0.0003_p0.20
20260909_165356,2026-09-09T22:05:22,base_plus,448,128,3.00e-04,0.2,1,7,0.1333,0.4671,0.8327,0.8270,0.7725,0.4675,0.2913,0.0784,0.0000,base_plus_s448_d128_lr0.0003_p0.20
20260909_165356,2026-09-09T22:05:31,base_plus,448,128,3.00e-04,0.2,1,8,0.1263,0.4098,0.6921,0.6127,0.7571,0.4445,0.2724,0.0901,0.0000,base_plus_s448_d128_lr0.0003_p0.20
20260909_165356,2026-09-09T22:05:40,base_plus,448,128,3.00e-04,0.2,1,9,0.1215,0.4294,0.7242,0.6758,0.7735,0.4697,0.2687,0.0942,0.0000,base_plus_s448_d128_lr0.0003_p0.20
20260909_165356,2026-09-09T22:05:49,base_plus,448,128,3.00e-04,0.2,1,10,0.1127,0.4076,0.7028,0.6287,0.7624,0.4398,0.2576,0.0620,0.0000,base_plus_s448_d128_lr0.0003_p0.20
20260909_165356,2026-09-09T22:05:58,base_plus,448,128,3.00e-04,0.2,1,11,0.1166,0.4418,0.8109,0.7975,0.6981,0.4258,0.2738,0.0864,0.0000,base_plus_s448_d128_lr0.0003_p0.20
20260909_165356,2026-09-09T22:06:07,base_plus,448,128,1.50e-04,0.2,1,12,0.1078,0.4624,0.8248,0.8146,0.7841,0.3753,0.3332,0.1050,0.0000,base_plus_s448_d128_lr0.0003_p0.20
20260909_165356,2026-09-09T22:06:16,base_plus,448,128,1.50e-04,0.2,1,13,0.0967,0.4522,0.7888,0.7624,0.7727,0.3829,0.3731,0.0854,0.0000,base_plus_s448_d128_lr0.0003_p0.20
20260909_165356,2026-09-09T22:06:26,base_plus,448,128,1.50e-04,0.2,1,14,0.0915,0.4623,0.7692,0.7358,0.7903,0.4633,0.3819,0.0955,0.0000,base_plus_s448_d128_lr0.0003_p0.20
20260909_165356,2026-09-09T22:06:35,base_plus,448,128,1.50e-04,0.2,1,15,0.0903,0.4419,0.7538,0.7124,0.7781,0.4003,0.3630,0.0858,0.0000,base_plus_s448_d128_lr0.0003_p0.20
20260909_165356,2026-09-09T22:06:44,base_plus,448,128,1.50e-04,0.2,1,16,0.0887,0.4560,0.7421,0.6945,0.7813,0.4293,0.4471,0.0976,0.0000,base_plus_s448_d128_lr0.0003_p0.20
20260909_165356,2026-09-09T22:07:12,base_plus,448,256,1.00e-03,0.3,1,0,0.3307,0.3335,0.8052,0.7817,0.6302,0.1177,0.0000,0.0000,0.0000,base_plus_s448_d256_lr0.001_p0.30
20260909_165356,2026-09-09T22:07:22,base_plus,448,256,1.00e-03,0.3,1,1,0.2435,0.3405,0.8655,0.8568,0.6464,0.0146,0.0000,0.0000,0.0000,base_plus_s448_d256_lr0.001_p0.30
20260909_165356,2026-09-09T22:07:31,base_plus,448,256,1.00e-03,0.3,1,2,0.2149,0.3723,0.8413,0.8261,0.6762,0.2627,0.0000,0.0000,0.0000,base_plus_s448_d256_lr0.001_p0.30
20260909_165356,2026-09-09T22:07:40,base_plus,448,256,1.00e-03,0.3,1,3,0.1880,0.3781,0.8319,0.8111,0.6052,0.3490,0.0005,0.0493,0.0000,base_plus_s448_d256_lr0.001_p0.30
20260909_165356,2026-09-09T22:07:49,base_plus,448,256,1.00e-03,0.3,1,4,0.1772,0.3946,0.8257,0.8042,0.6754,0.3494,0.0176,0.0903,0.0000,base_plus_s448_d256_lr0.001_p0.30
20260909_165356,2026-09-09T22:07:58,base_plus,448,256,1.00e-03,0.3,1,5,0.1645,0.4257,0.8179,0.7986,0.6882,0.5136,0.0856,0.0757,0.0000,base_plus_s448_d256_lr0.001_p0.30
20260909_165356,2026-09-09T22:08:06,base_plus,448,256,1.00e-03,0.3,1,6,0.1731,0.3836,0.7576,0.7171,0.7330,0.3048,0.0751,0.0974,0.0000,base_plus_s448_d256_lr0.001_p0.30
20260909_165356,2026-09-09T22:08:16,base_plus,448,256,1.00e-03,0.3,1,7,0.1512,0.4534,0.8180,0.8079,0.7712,0.4808,0.2012,0.0945,0.0000,base_plus_s448_d256_lr0.001_p0.30
20260909_165356,2026-09-09T22:08:24,base_plus,448,256,1.00e-03,0.3,1,8,0.1411,0.4467,0.8160,0.8000,0.7117,0.4589,0.2692,0.0709,0.0000,base_plus_s448_d256_lr0.001_p0.30
20260909_165356,2026-09-09T22:08:33,base_plus,448,256,1.00e-03,0.3,1,9,0.1286,0.4648,0.8134,0.7993,0.7363,0.5138,0.3134,0.0773,0.0000,base_plus_s448_d256_lr0.001_p0.30
20260909_165356,2026-09-09T22:08:43,base_plus,448,256,1.00e-03,0.3,1,10,0.1271,0.4615,0.8531,0.8486,0.7509,0.3967,0.3030,0.0783,0.0000,base_plus_s448_d256_lr0.001_p0.30
20260909_165356,2026-09-09T22:08:52,base_plus,448,256,1.00e-03,0.3,1,11,0.1209,0.4409,0.8032,0.7758,0.6697,0.4285,0.3231,0.0860,0.0000,base_plus_s448_d256_lr0.001_p0.30
20260909_165356,2026-09-09T22:09:01,base_plus,448,256,1.00e-03,0.3,1,12,0.1253,0.4552,0.8434,0.8345,0.7609,0.3136,0.3096,0.1247,0.0000,base_plus_s448_d256_lr0.001_p0.30
20260909_165356,2026-09-09T22:09:10,base_plus,448,256,1.00e-03,0.3,1,13,0.1224,0.4175,0.8249,0.8094,0.7242,0.2476,0.2325,0.0841,0.0000,base_plus_s448_d256_lr0.001_p0.30
20260909_165356,2026-09-09T22:09:19,base_plus,448,256,1.00e-03,0.3,1,14,0.1208,0.5027,0.7925,0.7787,0.7738,0.5261,0.5158,0.1321,0.0000,base_plus_s448_d256_lr0.001_p0.30
20260909_165356,2026-09-09T22:09:27,base_plus,448,256,1.00e-03,0.3,1,15,0.1089,0.4798,0.7680,0.7361,0.7519,0.5605,0.4334,0.1086,0.0000,base_plus_s448_d256_lr0.001_p0.30
20260909_165356,2026-09-09T22:09:36,base_plus,448,256,1.00e-03,0.3,1,16,0.1084,0.4673,0.8357,0.8268,0.7613,0.4280,0.2889,0.1280,0.0025,base_plus_s448_d256_lr0.001_p0.30
20260909_165356,2026-09-09T22:09:45,base_plus,448,256,1.00e-03,0.3,1,17,0.1038,0.4833,0.7529,0.7128,0.7296,0.4564,0.6308,0.1009,0.0000,base_plus_s448_d256_lr0.001_p0.30
20260909_165356,2026-09-09T22:09:53,base_plus,448,256,1.00e-03,0.3,1,18,0.1016,0.4931,0.7638,0.7253,0.7885,0.5051,0.5190,0.1500,0.0000,base_plus_s448_d256_lr0.001_p0.30
20260909_165356,2026-09-09T22:10:02,base_plus,448,256,5.00e-04,0.3,1,19,0.1037,0.4276,0.8219,0.8085,0.7163,0.3983,0.1360,0.1121,0.0000,base_plus_s448_d256_lr0.001_p0.30
20260909_165356,2026-09-09T22:10:11,base_plus,448,256,5.00e-04,0.3,1,20,0.0930,0.4701,0.7922,0.7653,0.7436,0.3380,0.5195,0.1319,0.0002,base_plus_s448_d256_lr0.001_p0.30
20260909_165356,2026-09-09T22:10:19,base_plus,448,256,5.00e-04,0.3,1,21,0.0838,0.4646,0.7393,0.6895,0.7721,0.3755,0.5331,0.1423,0.0002,base_plus_s448_d256_lr0.001_p0.30
20260909_165356,2026-09-09T22:10:29,base_plus,448,256,5.00e-04,0.3,1,22,0.0828,0.4795,0.7774,0.7510,0.7830,0.4278,0.4829,0.1347,0.0000,base_plus_s448_d256_lr0.001_p0.30
20260909_165356,2026-09-09T22:10:39,base_plus,448,256,5.00e-04,0.3,1,23,0.0786,0.4812,0.7493,0.7063,0.7604,0.4074,0.6057,0.1389,0.0000,base_plus_s448_d256_lr0.001_p0.30
20260909_165356,2026-09-09T22:11:55,large,448,128,1.00e-03,0.2,1,0,0.3466,0.3497,0.7913,0.7620,0.7064,0.1885,0.0000,0.0000,0.0000,large_s448_d128_lr0.001_p0.20
20260909_165356,2026-09-09T22:12:15,large,448,128,1.00e-03,0.2,1,1,0.2132,0.3589,0.7997,0.7639,0.5828,0.3661,0.0000,0.0000,0.0000,large_s448_d128_lr0.001_p0.20
20260909_165356,2026-09-09T22:12:35,large,448,128,1.00e-03,0.2,1,2,0.1960,0.3461,0.7327,0.6718,0.6705,0.3477,0.0000,0.0000,0.0000,large_s448_d128_lr0.001_p0.20
20260909_165356,2026-09-09T22:12:54,large,448,128,1.00e-03,0.2,1,3,0.1780,0.3672,0.7317,0.6708,0.7364,0.4315,0.0000,0.0000,0.0000,large_s448_d128_lr0.001_p0.20
20260909_165356,2026-09-09T22:13:14,large,448,128,1.00e-03,0.2,1,4,0.1598,0.3868,0.7870,0.7563,0.7441,0.2855,0.1016,0.0331,0.0000,large_s448_d128_lr0.001_p0.20
20260909_165356,2026-09-09T22:13:33,large,448,128,1.00e-03,0.2,1,5,0.1469,0.4325,0.7438,0.6924,0.7781,0.4175,0.2854,0.1105,0.0000,large_s448_d128_lr0.001_p0.20
20260909_165356,2026-09-09T22:13:53,large,448,128,1.00e-03,0.2,1,6,0.1413,0.4309,0.7496,0.6954,0.7379,0.2760,0.3912,0.1661,0.0000,large_s448_d128_lr0.001_p0.20
20260909_165356,2026-09-09T22:14:12,large,448,128,1.00e-03,0.2,1,7,0.1337,0.4534,0.7325,0.6729,0.7368,0.3979,0.4657,0.1679,0.0000,large_s448_d128_lr0.001_p0.20
20260909_165356,2026-09-09T22:14:32,large,448,128,1.00e-03,0.2,1,8,0.1226,0.4446,0.7758,0.7359,0.7310,0.2959,0.4060,0.1608,0.0069,large_s448_d128_lr0.001_p0.20
20260909_165356,2026-09-09T22:14:51,large,448,128,1.00e-03,0.2,1,9,0.1212,0.4280,0.7338,0.6729,0.7807,0.2622,0.3605,0.1822,0.0034,large_s448_d128_lr0.001_p0.20
20260909_165356,2026-09-09T22:15:11,large,448,128,1.00e-03,0.2,1,10,0.1285,0.4548,0.8062,0.7828,0.7584,0.4454,0.2847,0.1023,0.0041,large_s448_d128_lr0.001_p0.20
20260909_165356,2026-09-09T22:15:30,large,448,128,1.00e-03,0.2,1,11,0.1180,0.4385,0.6986,0.6144,0.7458,0.2551,0.5772,0.1782,0.0000,large_s448_d128_lr0.001_p0.20
20260909_165356,2026-09-09T22:15:49,large,448,128,1.00e-03,0.2,1,12,0.1152,0.4937,0.7437,0.6915,0.7777,0.5749,0.4977,0.1336,0.0368,large_s448_d128_lr0.001_p0.20
20260909_165356,2026-09-09T22:16:09,large,448,128,1.00e-03,0.2,1,13,0.1085,0.4518,0.7360,0.6809,0.7744,0.3550,0.3629,0.1812,0.0723,large_s448_d128_lr0.001_p0.20
20260909_165356,2026-09-09T22:16:28,large,448,128,1.00e-03,0.2,1,14,0.1045,0.4441,0.6653,0.5503,0.7550,0.4892,0.4629,0.1396,0.0466,large_s448_d128_lr0.001_p0.20
20260909_165356,2026-09-09T22:16:47,large,448,128,1.00e-03,0.2,1,15,0.1131,0.4624,0.7020,0.6190,0.7584,0.4792,0.5280,0.1502,0.0000,large_s448_d128_lr0.001_p0.20
20260909_165356,2026-09-09T22:17:07,large,448,128,1.00e-03,0.2,1,16,0.1012,0.5299,0.8149,0.7971,0.8027,0.6170,0.4603,0.1561,0.0609,large_s448_d128_lr0.001_p0.20
20260909_165356,2026-09-09T22:17:26,large,448,128,1.00e-03,0.2,1,17,0.0950,0.4711,0.7255,0.6582,0.7767,0.4994,0.4756,0.1551,0.0074,large_s448_d128_lr0.001_p0.20
20260909_165356,2026-09-09T22:17:45,large,448,128,1.00e-03,0.2,1,18,0.0972,0.4578,0.6962,0.6137,0.7755,0.5022,0.4579,0.1406,0.0183,large_s448_d128_lr0.001_p0.20
20260909_165356,2026-09-09T22:18:04,large,448,128,1.00e-03,0.2,1,19,0.0928,0.5145,0.7684,0.7305,0.7785,0.6047,0.5354,0.1564,0.0273,large_s448_d128_lr0.001_p0.20
20260909_165356,2026-09-09T22:18:23,large,448,128,1.00e-03,0.2,1,20,0.0902,0.4889,0.7311,0.6711,0.7773,0.5321,0.5505,0.1558,0.0046,large_s448_d128_lr0.001_p0.20
20260909_165356,2026-09-09T22:18:43,large,448,128,5.00e-04,0.2,1,21,0.0923,0.4562,0.6882,0.5953,0.7846,0.5196,0.4649,0.1412,0.0000,large_s448_d128_lr0.001_p0.20
20260909_165356,2026-09-09T22:19:02,large,448,128,5.00e-04,0.2,1,22,0.0835,0.4796,0.7078,0.6280,0.7868,0.4811,0.5774,0.1581,0.0182,large_s448_d128_lr0.001_p0.20
20260909_165356,2026-09-09T22:19:21,large,448,128,5.00e-04,0.2,1,23,0.0769,0.4904,0.7562,0.7102,0.7686,0.4748,0.5464,0.1581,0.0182,large_s448_d128_lr0.001_p0.20
20260909_165356,2026-09-09T22:19:40,large,448,128,5.00e-04,0.2,1,24,0.0754,0.4877,0.7211,0.6510,0.7806,0.4330,0.6575,0.1690,0.0015,large_s448_d128_lr0.001_p0.20
20260909_165356,2026-09-09T22:20:00,large,448,128,5.00e-04,0.2,1,25,0.0772,0.4902,0.7253,0.6599,0.7908,0.4869,0.5737,0.1637,0.0311,large_s448_d128_lr0.001_p0.20
20260909_165356,2026-09-09T22:20:48,large,448,128,3.00e-04,0.3,1,0,0.4709,0.3579,0.8336,0.8126,0.6123,0.2467,0.0000,0.0000,0.0000,large_s448_d128_lr0.0003_p0.30
20260909_165356,2026-09-09T22:21:07,large,448,128,3.00e-04,0.3,1,1,0.2529,0.4101,0.8525,0.8442,0.7125,0.3730,0.0012,0.0876,0.0000,large_s448_d128_lr0.0003_p0.30
20260909_165356,2026-09-09T22:21:26,large,448,128,3.00e-04,0.3,1,2,0.2060,0.3943,0.7889,0.7600,0.7453,0.2276,0.0702,0.1681,0.0000,large_s448_d128_lr0.0003_p0.30
20260909_165356,2026-09-09T22:21:45,large,448,128,3.00e-04,0.3,1,3,0.1836,0.4246,0.8275,0.8059,0.6970,0.2488,0.2534,0.1393,0.0000,large_s448_d128_lr0.0003_p0.30
20260909_165356,2026-09-09T22:22:04,large,448,128,3.00e-04,0.3,1,4,0.1676,0.4240,0.8247,0.8029,0.7343,0.3282,0.1643,0.1134,0.0000,large_s448_d128_lr0.0003_p0.30
20260909_165356,2026-09-09T22:22:23,large,448,128,3.00e-04,0.3,1,5,0.1473,0.4203,0.7351,0.6810,0.7702,0.3809,0.2042,0.1706,0.0000,large_s448_d128_lr0.0003_p0.30
20260909_165356,2026-09-09T22:22:42,large,448,128,3.00e-04,0.3,1,6,0.1391,0.4198,0.6885,0.5978,0.7648,0.4026,0.2890,0.1802,0.0154,large_s448_d128_lr0.0003_p0.30
20260909_165356,2026-09-09T22:23:01,large,448,128,3.00e-04,0.3,1,7,0.1336,0.4451,0.7916,0.7613,0.7462,0.3394,0.2676,0.2092,0.0000,large_s448_d128_lr0.0003_p0.30
20260909_165356,2026-09-09T22:23:20,large,448,128,3.00e-04,0.3,1,8,0.1341,0.4560,0.7907,0.7604,0.7470,0.4505,0.2842,0.1592,0.0000,large_s448_d128_lr0.0003_p0.30
20260909_165356,2026-09-09T22:23:39,large,448,128,3.00e-04,0.3,1,9,0.1195,0.4811,0.8051,0.7824,0.7674,0.4047,0.3167,0.1976,0.0938,large_s448_d128_lr0.0003_p0.30
20260909_165356,2026-09-09T22:23:58,large,448,128,3.00e-04,0.3,1,10,0.1172,0.4930,0.7965,0.7679,0.7896,0.2631,0.5196,0.2130,0.1014,large_s448_d128_lr0.0003_p0.30
20260909_165356,2026-09-09T22:24:17,large,448,128,3.00e-04,0.3,1,11,0.1123,0.4980,0.8236,0.7975,0.7361,0.4966,0.4754,0.1397,0.0173,large_s448_d128_lr0.0003_p0.30
20260909_165356,2026-09-09T22:24:36,large,448,128,3.00e-04,0.3,1,12,0.1082,0.4295,0.7406,0.6870,0.7790,0.3175,0.2598,0.2225,0.0000,large_s448_d128_lr0.0003_p0.30
20260909_165356,2026-09-09T22:24:55,large,448,128,3.00e-04,0.3,1,13,0.1054,0.5134,0.7424,0.6939,0.7868,0.5122,0.4990,0.2174,0.1421,large_s448_d128_lr0.0003_p0.30
20260909_165356,2026-09-09T22:25:14,large,448,128,3.00e-04,0.3,1,14,0.1043,0.4572,0.7215,0.6496,0.7615,0.3624,0.4121,0.1816,0.1117,large_s448_d128_lr0.0003_p0.30
20260909_165356,2026-09-09T22:25:33,large,448,128,3.00e-04,0.3,1,15,0.0990,0.4903,0.7917,0.7601,0.7514,0.4694,0.4104,0.1696,0.0797,large_s448_d128_lr0.0003_p0.30
20260909_165356,2026-09-09T22:25:52,large,448,128,3.00e-04,0.3,1,16,0.0962,0.5065,0.8100,0.7858,0.7732,0.4489,0.4577,0.1545,0.1154,large_s448_d128_lr0.0003_p0.30
20260909_165356,2026-09-09T22:26:11,large,448,128,3.00e-04,0.3,1,17,0.0966,0.5066,0.7568,0.7141,0.7792,0.4677,0.4657,0.1954,0.1675,large_s448_d128_lr0.0003_p0.30
20260909_165356,2026-09-09T22:26:30,large,448,128,1.50e-04,0.3,1,18,0.0920,0.4859,0.7252,0.6624,0.8012,0.4775,0.4635,0.1281,0.1433,large_s448_d128_lr0.0003_p0.30
20260909_165356,2026-09-09T22:26:49,large,448,128,1.50e-04,0.3,1,19,0.0801,0.4839,0.7320,0.6711,0.7776,0.4499,0.4534,0.1841,0.1193,large_s448_d128_lr0.0003_p0.30
20260909_165356,2026-09-09T22:27:08,large,448,128,1.50e-04,0.3,1,20,0.0765,0.4705,0.7045,0.6227,0.7523,0.3991,0.4474,0.2237,0.1435,large_s448_d128_lr0.0003_p0.30
20260909_165356,2026-09-09T22:27:27,large,448,128,1.50e-04,0.3,1,21,0.0752,0.4850,0.7459,0.6939,0.7677,0.4275,0.4428,0.2192,0.0978,large_s448_d128_lr0.0003_p0.30
20260909_165356,2026-09-09T22:27:46,large,448,128,1.50e-04,0.3,1,22,0.0738,0.5017,0.7670,0.7273,0.7845,0.3855,0.5135,0.2229,0.1115,large_s448_d128_lr0.0003_p0.30
20260909_165356,2026-09-09T22:28:35,large,448,256,3.00e-04,0.2,1,0,0.3695,0.3402,0.7983,0.7691,0.6560,0.1580,0.0000,0.0000,0.0000,large_s448_d256_lr0.0003_p0.20
20260909_165356,2026-09-09T22:28:54,large,448,256,3.00e-04,0.2,1,1,0.2176,0.3805,0.7984,0.7706,0.7011,0.3935,0.0000,0.0000,0.0000,large_s448_d256_lr0.0003_p0.20
20260909_165356,2026-09-09T22:29:14,large,448,256,3.00e-04,0.2,1,2,0.1863,0.3598,0.7948,0.7619,0.6665,0.2531,0.0423,0.0002,0.0000,large_s448_d256_lr0.0003_p0.20
20260909_165356,2026-09-09T22:29:34,large,448,256,3.00e-04,0.2,1,3,0.1658,0.4382,0.8227,0.8069,0.7388,0.4287,0.1696,0.1008,0.0000,large_s448_d256_lr0.0003_p0.20
20260909_165356,2026-09-09T22:29:54,large,448,256,3.00e-04,0.2,1,4,0.1544,0.4783,0.7733,0.7348,0.7521,0.5506,0.4238,0.1137,0.0000,large_s448_d256_lr0.0003_p0.20
20260909_165356,2026-09-09T22:30:13,large,448,256,3.00e-04,0.2,1,5,0.1383,0.4557,0.7814,0.7472,0.7543,0.3835,0.3809,0.1426,0.0000,large_s448_d256_lr0.0003_p0.20
20260909_165356,2026-09-09T22:30:33,large,448,256,3.00e-04,0.2,1,6,0.1276,0.4779,0.7978,0.7659,0.6922,0.5819,0.2735,0.1898,0.0440,large_s448_d256_lr0.0003_p0.20
20260909_165356,2026-09-09T22:30:53,large,448,256,3.00e-04,0.2,1,7,0.1258,0.4488,0.7133,0.6389,0.7393,0.4176,0.3834,0.1839,0.0654,large_s448_d256_lr0.0003_p0.20
20260909_165356,2026-09-09T22:31:12,large,448,256,3.00e-04,0.2,1,8,0.1162,0.5069,0.7724,0.7373,0.7427,0.4136,0.5381,0.1815,0.1626,large_s448_d256_lr0.0003_p0.20
20260909_165356,2026-09-09T22:31:32,large,448,256,3.00e-04,0.2,1,9,0.1119,0.4193,0.7216,0.6557,0.7784,0.2553,0.3012,0.1204,0.1025,large_s448_d256_lr0.0003_p0.20
20260909_165356,2026-09-09T22:31:51,large,448,256,3.00e-04,0.2,1,10,0.1058,0.4872,0.7608,0.7163,0.7683,0.4186,0.5283,0.1566,0.0617,large_s448_d256_lr0.0003_p0.20
20260909_165356,2026-09-09T22:32:11,large,448,256,3.00e-04,0.2,1,11,0.1000,0.4706,0.7483,0.6972,0.7715,0.3759,0.5785,0.1219,0.0009,large_s448_d256_lr0.0003_p0.20
20260909_165356,2026-09-09T22:32:30,large,448,256,3.00e-04,0.2,1,12,0.0997,0.4837,0.6948,0.6061,0.7520,0.4892,0.6424,0.2006,0.0009,large_s448_d256_lr0.0003_p0.20
20260909_165356,2026-09-09T22:32:50,large,448,256,1.50e-04,0.2,1,13,0.0975,0.4875,0.7320,0.6752,0.7890,0.3228,0.5510,0.1893,0.1532,large_s448_d256_lr0.0003_p0.20
20260909_165356,2026-09-09T22:33:09,large,448,256,1.50e-04,0.2,1,14,0.0823,0.4824,0.7008,0.6168,0.7834,0.5041,0.4827,0.2081,0.0811,large_s448_d256_lr0.0003_p0.20
20260909_165356,2026-09-09T22:33:29,large,448,256,1.50e-04,0.2,1,15,0.0786,0.4933,0.7155,0.6417,0.7779,0.4518,0.5897,0.1942,0.0824,large_s448_d256_lr0.0003_p0.20
20260909_165356,2026-09-09T22:33:48,large,448,256,1.50e-04,0.2,1,16,0.0763,0.4927,0.7235,0.6555,0.7730,0.4491,0.5471,0.2034,0.0969,large_s448_d256_lr0.0003_p0.20
20260909_165356,2026-09-09T22:34:07,large,448,256,1.50e-04,0.2,1,17,0.0756,0.4832,0.7772,0.7414,0.7832,0.4323,0.2909,0.2098,0.1478,large_s448_d256_lr0.0003_p0.20
20260909_165356,2026-09-09T21:54:23,small,448,128,3.00e-04,0.2,1,0,0.4162,0.3682,0.8480,0.8334,0.6650,0.2309,0.0000,0.0000,0.0000,small_s448_d128_lr0.0003_p0.20
20260909_165356,2026-09-09T21:54:32,small,448,128,3.00e-04,0.2,1,1,0.2287,0.3921,0.8590,0.8493,0.6910,0.3451,0.0000,0.0000,0.0000,small_s448_d128_lr0.0003_p0.20
20260909_165356,2026-09-09T21:54:41,small,448,128,3.00e-04,0.2,1,2,0.1911,0.3467,0.7293,0.6686,0.6681,0.3609,0.0000,0.0000,0.0000,small_s448_d128_lr0.0003_p0.20
20260909_165356,2026-09-09T21:54:49,small,448,128,3.00e-04,0.2,1,3,0.1636,0.3533,0.7314,0.6685,0.6945,0.3294,0.0017,0.0473,0.0000,small_s448_d128_lr0.0003_p0.20
20260909_165356,2026-09-09T21:54:58,small,448,128,3.00e-04,0.2,1,4,0.1517,0.3863,0.6789,0.5811,0.7340,0.4968,0.1070,0.1060,0.0000,small_s448_d128_lr0.0003_p0.20
20260909_165356,2026-09-09T21:55:06,small,448,128,3.00e-04,0.2,1,5,0.1380,0.3539,0.7292,0.6490,0.7056,0.0733,0.2243,0.0957,0.0000,small_s448_d128_lr0.0003_p0.20
20260909_165356,2026-09-09T21:55:13,small,448,128,3.00e-04,0.2,1,6,0.1319,0.4269,0.6674,0.5598,0.7586,0.4836,0.3611,0.1580,0.0000,small_s448_d128_lr0.0003_p0.20
20260909_165356,2026-09-09T21:55:21,small,448,128,3.00e-04,0.2,1,7,0.1183,0.4028,0.7032,0.6318,0.7625,0.2818,0.2557,0.1492,0.0354,small_s448_d128_lr0.0003_p0.20
20260909_165356,2026-09-09T21:55:29,small,448,128,3.00e-04,0.2,1,8,0.1155,0.4198,0.6670,0.5580,0.7643,0.4835,0.2835,0.1747,0.0076,small_s448_d128_lr0.0003_p0.20
20260909_165356,2026-09-09T21:55:39,small,448,128,3.00e-04,0.2,1,9,0.1079,0.4258,0.6615,0.5530,0.7602,0.5753,0.2486,0.1451,0.0370,small_s448_d128_lr0.0003_p0.20
20260909_165356,2026-09-09T21:55:48,small,448,128,3.00e-04,0.2,1,10,0.1060,0.4100,0.6738,0.5605,0.6882,0.5691,0.1954,0.1220,0.0607,small_s448_d128_lr0.0003_p0.20
20260909_165356,2026-09-09T21:55:56,small,448,128,3.00e-04,0.2,1,11,0.1014,0.4567,0.6949,0.6154,0.7048,0.5371,0.2646,0.2041,0.1756,small_s448_d128_lr0.0003_p0.20
20260909_165356,2026-09-09T21:56:05,small,448,128,3.00e-04,0.2,1,12,0.0985,0.4234,0.6859,0.5910,0.7483,0.3314,0.2633,0.2218,0.1222,small_s448_d128_lr0.0003_p0.20
20260909_165356,2026-09-09T21:56:14,small,448,128,3.00e-04,0.2,1,13,0.1002,0.4890,0.7003,0.6157,0.6911,0.5614,0.2765,0.1438,0.4345,small_s448_d128_lr0.0003_p0.20
20260909_165356,2026-09-09T21:56:25,small,448,128,3.00e-04,0.2,1,14,0.0927,0.4549,0.6943,0.6056,0.7394,0.5131,0.3085,0.1993,0.1238,small_s448_d128_lr0.0003_p0.20
20260909_165356,2026-09-09T21:56:37,small,448,128,3.00e-04,0.2,1,15,0.0902,0.4403,0.6731,0.5750,0.7260,0.4613,0.3027,0.1675,0.1764,small_s448_d128_lr0.0003_p0.20
20260909_165356,2026-09-09T21:56:47,small,448,128,3.00e-04,0.2,1,16,0.0869,0.4363,0.6882,0.5954,0.7507,0.4321,0.2929,0.1818,0.1131,small_s448_d128_lr0.0003_p0.20
20260909_165356,2026-09-09T21:56:57,small,448,128,3.00e-04,0.2,1,17,0.0863,0.4606,0.7541,0.7065,0.6996,0.4503,0.2383,0.1666,0.2090,small_s448_d128_lr0.0003_p0.20
20260909_165356,2026-09-09T21:57:06,small,448,128,1.50e-04,0.2,1,18,0.0856,0.4369,0.6743,0.5727,0.7247,0.5345,0.2883,0.2010,0.0626,small_s448_d128_lr0.0003_p0.20
20260909_165356,2026-09-09T21:57:14,small,448,128,1.50e-04,0.2,1,19,0.0759,0.4389,0.6834,0.5871,0.7364,0.4690,0.2829,0.2090,0.1044,small_s448_d128_lr0.0003_p0.20
20260909_165356,2026-09-09T21:57:23,small,448,128,1.50e-04,0.2,1,20,0.0710,0.4537,0.6789,0.5788,0.7335,0.5461,0.2835,0.1917,0.1634,small_s448_d128_lr0.0003_p0.20
20260909_165356,2026-09-09T21:57:30,small,448,128,1.50e-04,0.2,1,21,0.0740,0.4369,0.6853,0.5896,0.6978,0.4951,0.3176,0.1654,0.1078,small_s448_d128_lr0.0003_p0.20
20260909_165356,2026-09-09T21:57:38,small,448,128,1.50e-04,0.2,1,22,0.0710,0.4541,0.6777,0.5805,0.7506,0.5111,0.3128,0.2173,0.1287,small_s448_d128_lr0.0003_p0.20
20260909_165356,2026-09-09T21:58:00,small,448,256,1.00e-03,0.3,1,0,0.3468,0.3104,0.8007,0.7593,0.4880,0.1250,0.0000,0.0000,0.0000,small_s448_d256_lr0.001_p0.30
20260909_165356,2026-09-09T21:58:06,small,448,256,1.00e-03,0.3,1,1,0.2364,0.3665,0.8067,0.7800,0.6493,0.3293,0.0000,0.0000,0.0000,small_s448_d256_lr0.001_p0.30
20260909_165356,2026-09-09T21:58:12,small,448,256,1.00e-03,0.3,1,2,0.2060,0.3887,0.8183,0.7920,0.6180,0.4928,0.0000,0.0000,0.0000,small_s448_d256_lr0.001_p0.30
20260909_165356,2026-09-09T21:58:18,small,448,256,1.00e-03,0.3,1,3,0.1967,0.3400,0.7266,0.6608,0.6451,0.3475,0.0000,0.0000,0.0000,small_s448_d256_lr0.001_p0.30
20260909_165356,2026-09-09T21:58:24,small,448,256,1.00e-03,0.3,1,4,0.1811,0.4063,0.8548,0.8422,0.6405,0.4913,0.0048,0.0106,0.0000,small_s448_d256_lr0.001_p0.30
20260909_165356,2026-09-09T21:58:31,small,448,256,1.00e-03,0.3,1,5,0.1670,0.3439,0.7361,0.6690,0.6875,0.1866,0.0499,0.0784,0.0000,small_s448_d256_lr0.001_p0.30
20260909_165356,2026-09-09T21:58:37,small,448,256,1.00e-03,0.3,1,6,0.1517,0.3576,0.6947,0.6000,0.6882,0.2910,0.0816,0.1476,0.0000,small_s448_d256_lr0.001_p0.30
20260909_165356,2026-09-09T21:58:43,small,448,256,1.00e-03,0.3,1,7,0.1475,0.4326,0.7551,0.7020,0.6785,0.5166,0.2529,0.1227,0.0006,small_s448_d256_lr0.001_p0.30
20260909_165356,2026-09-09T21:58:50,small,448,256,1.00e-03,0.3,1,8,0.1481,0.3240,0.6875,0.5779,0.4874,0.3059,0.1289,0.0804,0.0000,small_s448_d256_lr0.001_p0.30
20260909_165356,2026-09-09T21:58:56,small,448,256,1.00e-03,0.3,1,9,0.1410,0.4042,0.7074,0.6278,0.7134,0.5052,0.1250,0.1508,0.0000,small_s448_d256_lr0.001_p0.30
20260909_165356,2026-09-09T21:59:02,small,448,256,1.00e-03,0.3,1,10,0.1325,0.3812,0.6786,0.5778,0.7136,0.3423,0.2217,0.1343,0.0000,small_s448_d256_lr0.001_p0.30
20260909_165356,2026-09-09T21:59:08,small,448,256,1.00e-03,0.3,1,11,0.1270,0.4123,0.6988,0.6083,0.6939,0.5922,0.1509,0.1418,0.0002,small_s448_d256_lr0.001_p0.30
20260909_165356,2026-09-09T21:59:15,small,448,256,5.00e-04,0.3,1,12,0.1189,0.4153,0.8016,0.7630,0.6241,0.3756,0.2717,0.0688,0.0020,small_s448_d256_lr0.001_p0.30
20260909_165356,2026-09-09T21:59:20,small,448,256,5.00e-04,0.3,1,13,0.1129,0.4193,0.6680,0.5476,0.6814,0.5227,0.3334,0.1640,0.0183,small_s448_d256_lr0.001_p0.30
20260909_165356,2026-09-09T21:59:27,small,448,256,5.00e-04,0.3,1,14,0.0998,0.3974,0.6913,0.5887,0.5985,0.4633,0.2521,0.1387,0.0494,small_s448_d256_lr0.001_p0.30
20260909_165356,2026-09-09T21:59:33,small,448,256,5.00e-04,0.3,1,15,0.0973,0.4307,0.6854,0.5816,0.6499,0.5305,0.3339,0.1704,0.0629,small_s448_d256_lr0.001_p0.30
20260909_165356,2026-09-09T21:59:39,small,448,256,5.00e-04,0.3,1,16,0.0966,0.4465,0.7386,0.6739,0.6570,0.5191,0.3240,0.1671,0.0459,small_s448_d256_lr0.001_p0.30
20260909_165356,2026-09-09T21:59:45,small,448,256,5.00e-04,0.3,1,17,0.0941,0.4398,0.7074,0.6203,0.6331,0.5341,0.3667,0.1788,0.0378,small_s448_d256_lr0.001_p0.30
20260909_165356,2026-09-09T21:59:51,small,448,256,5.00e-04,0.3,1,18,0.0931,0.4538,0.7224,0.6536,0.7182,0.4982,0.3349,0.1939,0.0557,small_s448_d256_lr0.001_p0.30
20260909_165356,2026-09-09T21:59:57,small,448,256,5.00e-04,0.3,1,19,0.0891,0.4331,0.7405,0.6716,0.5863,0.4381,0.3522,0.1631,0.0797,small_s448_d256_lr0.001_p0.30
20260909_165356,2026-09-09T22:00:03,small,448,256,5.00e-04,0.3,1,20,0.0916,0.4350,0.7309,0.6616,0.6170,0.4666,0.3450,0.1515,0.0720,small_s448_d256_lr0.001_p0.30
20260909_165356,2026-09-09T22:00:09,small,448,256,5.00e-04,0.3,1,21,0.0859,0.4457,0.7117,0.6293,0.6871,0.4426,0.3947,0.1925,0.0624,small_s448_d256_lr0.001_p0.30
20260909_165356,2026-09-09T22:00:16,small,448,256,5.00e-04,0.3,1,22,0.0844,0.4345,0.6864,0.5803,0.6198,0.4911,0.4118,0.1637,0.0883,small_s448_d256_lr0.001_p0.30
20260909_165356,2026-09-09T22:00:22,small,448,256,5.00e-04,0.3,1,23,0.0814,0.4563,0.6948,0.6038,0.7384,0.5965,0.3054,0.2143,0.0410,small_s448_d256_lr0.001_p0.30
20260909_165356,2026-09-09T22:00:28,small,448,256,5.00e-04,0.3,1,24,0.0850,0.4506,0.7631,0.7041,0.5791,0.5025,0.3760,0.2087,0.0207,small_s448_d256_lr0.001_p0.30
20260909_165356,2026-09-09T22:00:35,small,448,256,5.00e-04,0.3,1,25,0.0803,0.4582,0.7230,0.6542,0.6798,0.5284,0.3801,0.1749,0.0671,small_s448_d256_lr0.001_p0.30
20260909_165356,2026-09-09T22:00:41,small,448,256,5.00e-04,0.3,1,26,0.0784,0.4566,0.7392,0.6815,0.7132,0.5203,0.2660,0.1878,0.0878,small_s448_d256_lr0.001_p0.30
20260909_165356,2026-09-09T22:00:50,small,448,256,5.00e-04,0.3,1,27,0.0803,0.4056,0.6980,0.6105,0.7057,0.3968,0.2941,0.1344,0.0000,small_s448_d256_lr0.001_p0.30
20260909_165356,2026-09-09T22:00:57,small,448,256,5.00e-04,0.3,1,28,0.1110,0.4612,0.7344,0.6718,0.7290,0.6186,0.2953,0.1792,0.0000,small_s448_d256_lr0.001_p0.30
20260909_165356,2026-09-09T22:01:04,small,448,256,5.00e-04,0.3,1,29,0.0853,0.4489,0.6951,0.6072,0.6593,0.6647,0.3419,0.1562,0.0176,small_s448_d256_lr0.001_p0.30
20260909_165356,2026-09-09T22:01:11,small,448,256,5.00e-04,0.3,1,30,0.0891,0.4625,0.7154,0.6398,0.7302,0.4978,0.4425,0.2031,0.0087,small_s448_d256_lr0.001_p0.30
20260909_165356,2026-09-09T22:01:18,small,448,256,5.00e-04,0.3,1,31,0.0817,0.4360,0.7041,0.6015,0.5876,0.5723,0.3386,0.2282,0.0200,small_s448_d256_lr0.001_p0.30
20260909_165356,2026-09-09T22:01:25,small,448,256,5.00e-04,0.3,1,32,0.0775,0.5107,0.7020,0.6155,0.7003,0.6899,0.3821,0.2459,0.2393,small_s448_d256_lr0.001_p0.30
20260909_165356,2026-09-09T22:01:31,small,448,256,5.00e-04,0.3,1,33,0.0743,0.4353,0.6971,0.5939,0.5954,0.6747,0.2714,0.1841,0.0309,small_s448_d256_lr0.001_p0.30
20260909_165356,2026-09-09T22:01:38,small,448,256,5.00e-04,0.3,1,34,0.0726,0.4745,0.6923,0.5978,0.6741,0.6582,0.3704,0.2348,0.0942,small_s448_d256_lr0.001_p0.30
20260909_165356,2026-09-09T22:01:44,small,448,256,5.00e-04,0.3,1,35,0.0705,0.4859,0.6965,0.6065,0.6815,0.6839,0.3538,0.2253,0.1537,small_s448_d256_lr0.001_p0.30
20260909_165356,2026-09-09T22:01:50,small,448,256,5.00e-04,0.3,1,36,0.0680,0.5312,0.7576,0.7087,0.6949,0.6821,0.4227,0.2081,0.2445,small_s448_d256_lr0.001_p0.30
20260909_165356,2026-09-09T22:01:56,small,448,256,5.00e-04,0.3,1,37,0.0686,0.4706,0.6852,0.5869,0.7230,0.5760,0.3599,0.2305,0.1327,small_s448_d256_lr0.001_p0.30
20260909_165356,2026-09-09T22:02:03,small,448,256,5.00e-04,0.3,1,38,0.0652,0.5189,0.7083,0.6292,0.7285,0.6702,0.4636,0.2072,0.2252,small_s448_d256_lr0.001_p0.30
20260909_165356,2026-09-09T22:02:09,small,448,256,5.00e-04,0.3,1,39,0.0669,0.4942,0.7158,0.6464,0.6954,0.6585,0.3488,0.2198,0.1751,small_s448_d256_lr0.001_p0.30
20260909_165356,2026-09-09T22:02:28,base_plus,448,128,1.00e-03,0.2,1,0,0.3472,0.3199,0.8117,0.7917,0.6341,0.0016,0.0000,0.0000,0.0000,base_plus_s448_d128_lr0.001_p0.20
20260909_165356,2026-09-09T22:02:37,base_plus,448,128,1.00e-03,0.2,1,1,0.2139,0.3821,0.7713,0.7434,0.7404,0.4195,0.0000,0.0000,0.0000,base_plus_s448_d128_lr0.001_p0.20
20260909_165356,2026-09-09T22:02:45,base_plus,448,128,1.00e-03,0.2,1,2,0.1906,0.3933,0.8672,0.8596,0.6705,0.3559,0.0000,0.0000,0.0000,base_plus_s448_d128_lr0.001_p0.20
20260909_165356,2026-09-09T22:02:54,base_plus,448,128,1.00e-03,0.2,1,3,0.1740,0.3758,0.7486,0.7040,0.6995,0.4214,0.0017,0.0555,0.0000,base_plus_s448_d128_lr0.001_p0.20
20260909_165356,2026-09-09T22:03:04,base_plus,448,128,1.00e-03,0.2,1,4,0.1557,0.3801,0.7725,0.7446,0.6867,0.3532,0.0407,0.0629,0.0000,base_plus_s448_d128_lr0.001_p0.20
20260909_165356,2026-09-09T22:03:12,base_plus,448,128,1.00e-03,0.2,1,5,0.1589,0.4132,0.7429,0.6944,0.7386,0.4858,0.1337,0.0973,0.0000,base_plus_s448_d128_lr0.001_p0.20
20260909_165356,2026-09-09T22:03:22,base_plus,448,128,1.00e-03,0.2,1,6,0.1380,0.4329,0.7813,0.7494,0.7321,0.4285,0.2720,0.0673,0.0000,base_plus_s448_d128_lr0.001_p0.20
20260909_165356,2026-09-09T22:03:32,base_plus,448,128,1.00e-03,0.2,1,7,0.1344,0.4758,0.8454,0.8339,0.7233,0.4980,0.3456,0.0842,0.0000,base_plus_s448_d128_lr0.001_p0.20
20260909_165356,2026-09-09T22:03:40,base_plus,448,128,1.00e-03,0.2,1,8,0.1248,0.4262,0.7399,0.6898,0.7475,0.4046,0.3188,0.0829,0.0000,base_plus_s448_d128_lr0.001_p0.20
20260909_165356,2026-09-09T22:03:49,base_plus,448,128,1.00e-03,0.2,1,9,0.1238,0.4258,0.7752,0.7302,0.7112,0.2895,0.3781,0.0966,0.0000,base_plus_s448_d128_lr0.001_p0.20
20260909_165356,2026-09-09T22:04:00,base_plus,448,128,1.00e-03,0.2,1,10,0.1157,0.4658,0.7858,0.7589,0.7555,0.3309,0.4842,0.1453,0.0000,base_plus_s448_d128_lr0.001_p0.20
20260909_165356,2026-09-09T22:04:08,base_plus,448,128,1.00e-03,0.2,1,11,0.1143,0.4518,0.8137,0.7975,0.7583,0.3721,0.2998,0.1212,0.0000,base_plus_s448_d128_lr0.001_p0.20
20260909_165356,2026-09-09T22:04:17,base_plus,448,128,5.00e-04,0.2,1,12,0.1159,0.4747,0.7668,0.7352,0.7415,0.5684,0.3500,0.1607,0.0000,base_plus_s448_d128_lr0.001_p0.20
20260909_165356,2026-09-09T22:04:26,base_plus,448,128,5.00e-04,0.2,1,13,0.0998,0.4743,0.8151,0.7984,0.7490,0.4664,0.3629,0.1282,0.0000,base_plus_s448_d128_lr0.001_p0.20
20260909_165356,2026-09-09T22:04:35,base_plus,448,128,5.00e-04,0.2,1,14,0.0943,0.4328,0.7169,0.6518,0.7534,0.4453,0.3435,0.1185,0.0000,base_plus_s448_d128_lr0.001_p0.20
20260909_165356,2026-09-09T22:04:44,base_plus,448,128,5.00e-04,0.2,1,15,0.0953,0.4634,0.7537,0.7136,0.7726,0.4971,0.3733,0.1335,0.0000,base_plus_s448_d128_lr0.001_p0.20
20260909_165356,2026-09-09T22:04:54,base_plus,448,128,5.00e-04,0.2,1,16,0.0884,0.4793,0.7979,0.7767,0.7812,0.4608,0.4060,0.1320,0.0004,base_plus_s448_d128_lr0.001_p0.20
20260909_165356,2026-09-09T22:05:03,base_plus,448,128,5.00e-04,0.2,1,17,0.0857,0.4867,0.7680,0.7411,0.7838,0.5029,0.4427,0.1686,0.0000,base_plus_s448_d128_lr0.001_p0.20
20260909_165356,2026-09-09T22:05:13,base_plus,448,128,5.00e-04,0.2,1,18,0.0884,0.4670,0.8045,0.7860,0.7725,0.4390,0.3437,0.1233,0.0000,base_plus_s448_d128_lr0.001_p0.20
20260909_165356,2026-09-09T22:05:22,base_plus,448,128,5.00e-04,0.2,1,19,0.0877,0.4612,0.7539,0.7132,0.7611,0.4167,0.4460,0.1378,0.0000,base_plus_s448_d128_lr0.001_p0.20
20260909_165356,2026-09-09T22:05:31,base_plus,448,128,5.00e-04,0.2,1,20,0.0827,0.4809,0.7617,0.7265,0.7929,0.5018,0.4467,0.1369,0.0000,base_plus_s448_d128_lr0.001_p0.20
20260909_165356,2026-09-09T22:05:40,base_plus,448,128,5.00e-04,0.2,1,21,0.0818,0.4574,0.7544,0.7139,0.7773,0.4375,0.3940,0.1251,0.0000,base_plus_s448_d128_lr0.001_p0.20
20260909_165356,2026-09-09T22:05:49,base_plus,448,128,2.50e-04,0.2,1,22,0.0836,0.4826,0.7900,0.7670,0.7854,0.4456,0.4618,0.1285,0.0000,base_plus_s448_d128_lr0.001_p0.20
20260909_165356,2026-09-09T22:05:59,base_plus,448,128,2.50e-04,0.2,1,23,0.0747,0.4879,0.7965,0.7748,0.7773,0.4518,0.4664,0.1486,0.0000,base_plus_s448_d128_lr0.001_p0.20
20260909_165356,2026-09-09T22:06:07,base_plus,448,128,2.50e-04,0.2,1,24,0.0726,0.4642,0.7573,0.7217,0.7786,0.4478,0.3961,0.1477,0.0000,base_plus_s448_d128_lr0.001_p0.20
20260909_165356,2026-09-09T22:06:17,base_plus,448,128,2.50e-04,0.2,1,25,0.0719,0.4614,0.7447,0.7009,0.7805,0.4182,0.4248,0.1606,0.0000,base_plus_s448_d128_lr0.001_p0.20
20260909_165356,2026-09-09T22:06:26,base_plus,448,128,2.50e-04,0.2,1,26,0.0698,0.4677,0.7405,0.6914,0.7897,0.4326,0.4775,0.1425,0.0000,base_plus_s448_d128_lr0.001_p0.20
20260909_165356,2026-09-09T22:06:36,base_plus,448,128,2.50e-04,0.2,1,27,0.0694,0.4657,0.7435,0.6990,0.7761,0.4216,0.4770,0.1426,0.0000,base_plus_s448_d128_lr0.001_p0.20
20260909_165356,2026-09-09T22:06:45,base_plus,448,128,1.25e-04,0.2,1,28,0.0684,0.4686,0.7341,0.6842,0.7793,0.4998,0.4445,0.1381,0.0000,base_plus_s448_d128_lr0.001_p0.20
20260909_165356,2026-09-09T22:06:54,base_plus,448,128,1.25e-04,0.2,1,29,0.0643,0.4724,0.7499,0.7080,0.7808,0.4505,0.4855,0.1322,0.0000,base_plus_s448_d128_lr0.001_p0.20
20260909_165356,2026-09-09T22:07:03,base_plus,448,128,1.25e-04,0.2,1,30,0.0639,0.4850,0.7814,0.7561,0.7854,0.4727,0.4548,0.1446,0.0000,base_plus_s448_d128_lr0.001_p0.20
20260909_165356,2026-09-09T22:07:12,base_plus,448,128,1.25e-04,0.2,1,31,0.0608,0.4739,0.7476,0.7037,0.7833,0.4463,0.4936,0.1430,0.0000,base_plus_s448_d128_lr0.001_p0.20
20260909_165356,2026-09-09T22:07:21,base_plus,448,128,1.25e-04,0.2,1,32,0.0619,0.4819,0.7600,0.7232,0.7862,0.4599,0.5087,0.1350,0.0000,base_plus_s448_d128_lr0.001_p0.20
20260909_165356,2026-09-09T22:07:49,base_plus,448,128,3.00e-04,0.3,1,0,0.4398,0.3670,0.8288,0.8100,0.6033,0.3268,0.0004,0.0000,0.0000,base_plus_s448_d128_lr0.0003_p0.30
20260909_165356,2026-09-09T22:07:57,base_plus,448,128,3.00e-04,0.3,1,1,0.2433,0.3940,0.8593,0.8542,0.7189,0.3257,0.0000,0.0000,0.0000,base_plus_s448_d128_lr0.0003_p0.30
20260909_165356,2026-09-09T22:08:05,base_plus,448,128,3.00e-04,0.3,1,2,0.2020,0.3669,0.8212,0.8024,0.6833,0.1895,0.0459,0.0253,0.0006,base_plus_s448_d128_lr0.0003_p0.30
20260909_165356,2026-09-09T22:08:14,base_plus,448,128,3.00e-04,0.3,1,3,0.1745,0.3229,0.7682,0.7034,0.6002,0.0853,0.0536,0.0494,0.0000,base_plus_s448_d128_lr0.0003_p0.30
20260909_165356,2026-09-09T22:08:23,base_plus,448,128,3.00e-04,0.3,1,4,0.1666,0.4265,0.8268,0.8177,0.7200,0.2915,0.2809,0.0486,0.0000,base_plus_s448_d128_lr0.0003_p0.30
20260909_165356,2026-09-09T22:08:32,base_plus,448,128,3.00e-04,0.3,1,5,0.1565,0.4108,0.8283,0.8156,0.7132,0.3060,0.1466,0.0659,0.0000,base_plus_s448_d128_lr0.0003_p0.30
20260909_165356,2026-09-09T22:08:41,base_plus,448,128,3.00e-04,0.3,1,6,0.1401,0.4248,0.8369,0.8273,0.7398,0.3566,0.1298,0.0826,0.0005,base_plus_s448_d128_lr0.0003_p0.30
20260909_165356,2026-09-09T22:08:50,base_plus,448,128,3.00e-04,0.3,1,7,0.1338,0.4321,0.7937,0.7630,0.6972,0.3781,0.2814,0.0971,0.0146,base_plus_s448_d128_lr0.0003_p0.30
20260909_165356,2026-09-09T22:08:59,base_plus,448,128,3.00e-04,0.3,1,8,0.1218,0.4121,0.7520,0.7165,0.7504,0.3982,0.1742,0.0931,0.0004,base_plus_s448_d128_lr0.0003_p0.30
20260909_165356,2026-09-09T22:09:08,base_plus,448,128,3.00e-04,0.3,1,9,0.1169,0.4092,0.6914,0.6120,0.7186,0.4496,0.2994,0.0921,0.0012,base_plus_s448_d128_lr0.0003_p0.30
20260909_165356,2026-09-09T22:09:16,base_plus,448,128,3.00e-04,0.3,1,10,0.1194,0.4980,0.8229,0.8127,0.7634,0.5998,0.3842,0.1033,0.0000,base_plus_s448_d128_lr0.0003_p0.30
20260909_165356,2026-09-09T22:09:24,base_plus,448,128,3.00e-04,0.3,1,11,0.1125,0.4316,0.7464,0.7033,0.7494,0.3972,0.3015,0.1232,0.0000,base_plus_s448_d128_lr0.0003_p0.30
20260909_165356,2026-09-09T22:09:33,base_plus,448,128,3.00e-04,0.3,1,12,0.1105,0.4338,0.7920,0.7663,0.7437,0.4109,0.2228,0.0970,0.0041,base_plus_s448_d128_lr0.0003_p0.30
20260909_165356,2026-09-09T22:09:41,base_plus,448,128,3.00e-04,0.3,1,13,0.1065,0.4535,0.8290,0.8186,0.7391,0.4103,0.2602,0.1166,0.0008,base_plus_s448_d128_lr0.0003_p0.30
20260909_165356,2026-09-09T22:09:49,base_plus,448,128,3.00e-04,0.3,1,14,0.0999,0.4502,0.7838,0.7550,0.7476,0.5143,0.2339,0.1157,0.0010,base_plus_s448_d128_lr0.0003_p0.30
20260909_165356,2026-09-09T22:09:57,base_plus,448,128,1.50e-04,0.3,1,15,0.0941,0.4467,0.7914,0.7727,0.7426,0.4858,0.2285,0.1060,0.0000,base_plus_s448_d128_lr0.0003_p0.30
20260909_165356,2026-09-09T22:10:05,base_plus,448,128,1.50e-04,0.3,1,16,0.0885,0.4542,0.7836,0.7572,0.7599,0.4514,0.3021,0.1244,0.0007,base_plus_s448_d128_lr0.0003_p0.30
20260909_165356,2026-09-09T22:10:13,base_plus,448,128,1.50e-04,0.3,1,17,0.0841,0.4791,0.7782,0.7504,0.7703,0.5315,0.3979,0.1241,0.0012,base_plus_s448_d128_lr0.0003_p0.30
20260909_165356,2026-09-09T22:10:21,base_plus,448,128,1.50e-04,0.3,1,18,0.0823,0.4455,0.7338,0.6858,0.7717,0.4633,0.3306,0.1316,0.0017,base_plus_s448_d128_lr0.0003_p0.30
20260909_165356,2026-09-09T22:10:31,base_plus,448,128,1.50e-04,0.3,1,19,0.0804,0.4819,0.8122,0.8004,0.7795,0.4816,0.3602,0.1366,0.0025,base_plus_s448_d128_lr0.0003_p0.30
20260909_165356,2026-09-09T22:10:58,base_plus,448,256,3.00e-04,0.2,1,0,0.3527,0.3538,0.7822,0.7492,0.6187,0.3264,0.0000,0.0000,0.0000,base_plus_s448_d256_lr0.0003_p0.20
20260909_165356,2026-09-09T22:11:06,base_plus,448,256,3.00e-04,0.2,1,1,0.2135,0.3941,0.8430,0.8393,0.7095,0.3669,0.0000,0.0000,0.0000,base_plus_s448_d256_lr0.0003_p0.20
20260909_165356,2026-09-09T22:11:15,base_plus,448,256,3.00e-04,0.2,1,2,0.1874,0.4407,0.8729,0.8783,0.7749,0.4928,0.0318,0.0343,0.0000,base_plus_s448_d256_lr0.0003_p0.20
20260909_165356,2026-09-09T22:11:24,base_plus,448,256,3.00e-04,0.2,1,3,0.1663,0.4367,0.8341,0.8251,0.7326,0.5225,0.0604,0.0820,0.0000,base_plus_s448_d256_lr0.0003_p0.20
20260909_165356,2026-09-09T22:11:33,base_plus,448,256,3.00e-04,0.2,1,4,0.1498,0.4433,0.8006,0.7791,0.7278,0.5045,0.2023,0.0887,0.0000,base_plus_s448_d256_lr0.0003_p0.20
20260909_165356,2026-09-09T22:11:41,base_plus,448,256,3.00e-04,0.2,1,5,0.1428,0.4681,0.8895,0.8907,0.7701,0.4906,0.1610,0.0747,0.0000,base_plus_s448_d256_lr0.0003_p0.20
20260909_165356,2026-09-09T22:11:50,base_plus,448,256,3.00e-04,0.2,1,6,0.1356,0.4144,0.7611,0.7296,0.7714,0.4364,0.1006,0.1018,0.0002,base_plus_s448_d256_lr0.0003_p0.20
20260909_165356,2026-09-09T22:11:59,base_plus,448,256,3.00e-04,0.2,1,7,0.1225,0.4900,0.8041,0.7924,0.7781,0.5252,0.4192,0.1113,0.0000,base_plus_s448_d256_lr0.0003_p0.20
20260909_165356,2026-09-09T22:12:07,base_plus,448,256,3.00e-04,0.2,1,8,0.1161,0.5101,0.8229,0.8162,0.7956,0.5976,0.3954,0.1427,0.0000,base_plus_s448_d256_lr0.0003_p0.20
20260909_165356,2026-09-09T22:12:16,base_plus,448,256,3.00e-04,0.2,1,9,0.1139,0.5061,0.7816,0.7582,0.8036,0.6254,0.4575,0.1165,0.0000,base_plus_s448_d256_lr0.0003_p0.20
20260909_165356,2026-09-09T22:12:25,base_plus,448,256,3.00e-04,0.2,1,10,0.1025,0.4969,0.7981,0.7879,0.8021,0.5589,0.3997,0.1313,0.0000,base_plus_s448_d256_lr0.0003_p0.20
20260909_165356,2026-09-09T22:12:34,base_plus,448,256,3.00e-04,0.2,1,11,0.1049,0.5320,0.8595,0.8573,0.7744,0.6337,0.4615,0.1377,0.0000,base_plus_s448_d256_lr0.0003_p0.20
20260909_165356,2026-09-09T22:12:42,base_plus,448,256,3.00e-04,0.2,1,12,0.1013,0.4680,0.7830,0.7648,0.7979,0.4580,0.3405,0.1321,0.0000,base_plus_s448_d256_lr0.0003_p0.20
20260909_165356,2026-09-09T22:12:51,base_plus,448,256,3.00e-04,0.2,1,13,0.0936,0.4746,0.7843,0.7609,0.7941,0.5789,0.3076,0.0965,0.0000,base_plus_s448_d256_lr0.0003_p0.20
20260909_165356,2026-09-09T22:13:00,base_plus,448,256,3.00e-04,0.2,1,14,0.0915,0.5014,0.8223,0.8098,0.7740,0.4948,0.4733,0.1352,0.0000,base_plus_s448_d256_lr0.0003_p0.20
20260909_165356,2026-09-09T22:13:09,base_plus,448,256,3.00e-04,0.2,1,15,0.0893,0.4953,0.7889,0.7728,0.7886,0.4840,0.4987,0.1342,0.0000,base_plus_s448_d256_lr0.0003_p0.20
20260909_165356,2026-09-09T22:13:17,base_plus,448,256,1.50e-04,0.2,1,16,0.0894,0.4627,0.7767,0.7521,0.7938,0.4737,0.3008,0.1421,0.0000,base_plus_s448_d256_lr0.0003_p0.20
20260909_165356,2026-09-09T22:13:26,base_plus,448,256,1.50e-04,0.2,1,17,0.0761,0.4998,0.8219,0.8076,0.7924,0.4982,0.4474,0.1311,0.0000,base_plus_s448_d256_lr0.0003_p0.20
20260909_165356,2026-09-09T22:13:35,base_plus,448,256,1.50e-04,0.2,1,18,0.0720,0.5013,0.7702,0.7426,0.8060,0.5502,0.5017,0.1381,0.0000,base_plus_s448_d256_lr0.0003_p0.20
20260909_165356,2026-09-09T22:13:43,base_plus,448,256,1.50e-04,0.2,1,19,0.0729,0.4987,0.8053,0.7901,0.7923,0.4916,0.4722,0.1392,0.0000,base_plus_s448_d256_lr0.0003_p0.20
20260909_165356,2026-09-09T22:13:52,base_plus,448,256,1.50e-04,0.2,1,20,0.0713,0.4966,0.7904,0.7675,0.7988,0.5898,0.3823,0.1477,0.0000,base_plus_s448_d256_lr0.0003_p0.20
20260909_165356,2026-09-09T22:14:31,large,448,128,1.00e-03,0.3,1,0,0.3521,0.3318,0.8233,0.8021,0.6051,0.0924,0.0000,0.0000,0.0000,large_s448_d128_lr0.001_p0.30
20260909_165356,2026-09-09T22:14:51,large,448,128,1.00e-03,0.3,1,1,0.2256,0.3531,0.7690,0.7274,0.6804,0.2952,0.0000,0.0000,0.0000,large_s448_d128_lr0.001_p0.30
20260909_165356,2026-09-09T22:15:10,large,448,128,1.00e-03,0.3,1,2,0.1931,0.3628,0.7340,0.6749,0.6784,0.4459,0.0032,0.0030,0.0000,large_s448_d128_lr0.001_p0.30
20260909_165356,2026-09-09T22:15:30,large,448,128,1.00e-03,0.3,1,3,0.1925,0.3503,0.8342,0.8112,0.6460,0.1596,0.0000,0.0008,0.0000,large_s448_d128_lr0.001_p0.30
20260909_165356,2026-09-09T22:15:49,large,448,128,1.00e-03,0.3,1,4,0.1747,0.3566,0.7294,0.6676,0.7099,0.2562,0.0647,0.0682,0.0000,large_s448_d128_lr0.001_p0.30
20260909_165356,2026-09-09T22:16:09,large,448,128,1.00e-03,0.3,1,5,0.1612,0.4221,0.7992,0.7697,0.7065,0.3123,0.2103,0.1569,0.0000,large_s448_d128_lr0.001_p0.30
20260909_165356,2026-09-09T22:16:28,large,448,128,1.00e-03,0.3,1,6,0.1512,0.4558,0.7213,0.6509,0.7093,0.4603,0.4054,0.2433,0.0000,large_s448_d128_lr0.001_p0.30
20260909_165356,2026-09-09T22:16:48,large,448,128,1.00e-03,0.3,1,7,0.1402,0.4372,0.8087,0.7814,0.7454,0.2704,0.2809,0.1735,0.0000,large_s448_d128_lr0.001_p0.30
20260909_165356,2026-09-09T22:17:07,large,448,128,1.00e-03,0.3,1,8,0.1349,0.4399,0.6932,0.6046,0.7663,0.4991,0.3339,0.1822,0.0000,large_s448_d128_lr0.001_p0.30
20260909_165356,2026-09-09T22:17:26,large,448,128,1.00e-03,0.3,1,9,0.1403,0.3397,0.7504,0.6393,0.6292,0.0208,0.2283,0.1101,0.0000,large_s448_d128_lr0.001_p0.30
20260909_165356,2026-09-09T22:17:46,large,448,128,1.00e-03,0.3,1,10,0.1524,0.4248,0.7326,0.6712,0.7379,0.3727,0.2663,0.1932,0.0000,large_s448_d128_lr0.001_p0.30
20260909_165356,2026-09-09T22:18:05,large,448,128,1.00e-03,0.3,1,11,0.1299,0.4605,0.7140,0.6395,0.7208,0.5145,0.4871,0.1375,0.0104,large_s448_d128_lr0.001_p0.30
20260909_165356,2026-09-09T22:18:24,large,448,128,1.00e-03,0.3,1,12,0.1201,0.4668,0.7634,0.7182,0.7361,0.5128,0.3380,0.1982,0.0011,large_s448_d128_lr0.001_p0.30
20260909_165356,2026-09-09T22:18:44,large,448,128,1.00e-03,0.3,1,13,0.1157,0.4174,0.7486,0.6872,0.7643,0.2229,0.2996,0.1940,0.0055,large_s448_d128_lr0.001_p0.30
20260909_165356,2026-09-09T22:19:03,large,448,128,1.00e-03,0.3,1,14,0.1084,0.4764,0.7699,0.7262,0.7291,0.3045,0.3610,0.2299,0.2140,large_s448_d128_lr0.001_p0.30
20260909_165356,2026-09-09T22:19:22,large,448,128,1.00e-03,0.3,1,15,0.1056,0.4701,0.7649,0.7219,0.7399,0.3688,0.3176,0.1798,0.1977,large_s448_d128_lr0.001_p0.30
20260909_165356,2026-09-09T22:19:42,large,448,128,1.00e-03,0.3,1,16,0.1059,0.4628,0.7446,0.6928,0.7662,0.2924,0.3102,0.3397,0.0935,large_s448_d128_lr0.001_p0.30
20260909_165356,2026-09-09T22:20:01,large,448,128,1.00e-03,0.3,1,17,0.1032,0.4550,0.7861,0.7487,0.7205,0.4842,0.2571,0.1662,0.0222,large_s448_d128_lr0.001_p0.30
20260909_165356,2026-09-09T22:20:21,large,448,128,1.00e-03,0.3,1,18,0.1005,0.4655,0.6936,0.6010,0.7480,0.5441,0.4073,0.1950,0.0693,large_s448_d128_lr0.001_p0.30
20260909_165356,2026-09-09T22:20:40,large,448,128,1.00e-03,0.3,1,19,0.0983,0.4849,0.7341,0.6770,0.7670,0.4305,0.3988,0.2295,0.1577,large_s448_d128_lr0.001_p0.30
20260909_165356,2026-09-09T22:20:59,large,448,128,1.00e-03,0.3,1,20,0.0950,0.4664,0.6824,0.5813,0.7749,0.2672,0.4240,0.2623,0.2731,large_s448_d128_lr0.001_p0.30
20260909_165356,2026-09-09T22:21:18,large,448,128,1.00e-03,0.3,1,21,0.0936,0.4631,0.7372,0.6847,0.7323,0.3655,0.4529,0.1566,0.1128,large_s448_d128_lr0.001_p0.30
20260909_165356,2026-09-09T22:21:37,large,448,128,1.00e-03,0.3,1,22,0.0897,0.4453,0.7399,0.6861,0.7632,0.3091,0.3862,0.2322,0.0000,large_s448_d128_lr0.001_p0.30
20260909_165356,2026-09-09T22:21:56,large,448,128,1.00e-03,0.3,1,23,0.1103,0.4507,0.6830,0.5899,0.7673,0.4156,0.5189,0.1769,0.0033,large_s448_d128_lr0.001_p0.30
20260909_165356,2026-09-09T22:22:15,large,448,128,5.00e-04,0.3,1,24,0.0953,0.4416,0.6623,0.5527,0.7720,0.5537,0.3836,0.1672,0.0000,large_s448_d128_lr0.001_p0.30
20260909_165356,2026-09-09T22:22:35,large,448,128,5.00e-04,0.3,1,25,0.0866,0.4280,0.7074,0.6124,0.7238,0.2812,0.4472,0.2136,0.0107,large_s448_d128_lr0.001_p0.30
20260909_165356,2026-09-09T22:22:54,large,448,128,5.00e-04,0.3,1,26,0.0851,0.4562,0.7103,0.6357,0.7745,0.3486,0.3393,0.2223,0.1629,large_s448_d128_lr0.001_p0.30
20260909_165356,2026-09-09T22:23:13,large,448,128,5.00e-04,0.3,1,27,0.0779,0.4651,0.7155,0.6440,0.7757,0.3535,0.4102,0.2313,0.1255,large_s448_d128_lr0.001_p0.30
20260909_165356,2026-09-09T22:23:31,large,448,128,5.00e-04,0.3,1,28,0.0772,0.4775,0.7382,0.6825,0.7726,0.3484,0.4009,0.2323,0.1672,large_s448_d128_lr0.001_p0.30
20260909_165356,2026-09-09T22:24:21,large,448,256,1.00e-03,0.2,1,0,0.3288,0.3655,0.8488,0.8382,0.6829,0.1883,0.0000,0.0000,0.0000,large_s448_d256_lr0.001_p0.20
20260909_165356,2026-09-09T22:24:41,large,448,256,1.00e-03,0.2,1,1,0.2196,0.3745,0.8744,0.8648,0.6288,0.2536,0.0000,0.0000,0.0000,large_s448_d256_lr0.001_p0.20
20260909_165356,2026-09-09T22:25:01,large,448,256,1.00e-03,0.2,1,2,0.1887,0.3827,0.8577,0.8433,0.6774,0.3004,0.0000,0.0000,0.0000,large_s448_d256_lr0.001_p0.20
20260909_165356,2026-09-09T22:25:21,large,448,256,1.00e-03,0.2,1,3,0.1829,0.3522,0.7158,0.6361,0.6065,0.4860,0.0092,0.0117,0.0000,large_s448_d256_lr0.001_p0.20
20260909_165356,2026-09-09T22:25:41,large,448,256,1.00e-03,0.2,1,4,0.1708,0.3730,0.7015,0.6169,0.6820,0.5160,0.0000,0.0947,0.0000,large_s448_d256_lr0.001_p0.20
20260909_165356,2026-09-09T22:26:00,large,448,256,1.00e-03,0.2,1,5,0.1588,0.3925,0.7442,0.6983,0.7524,0.4043,0.0009,0.1472,0.0000,large_s448_d256_lr0.001_p0.20
20260909_165356,2026-09-09T22:26:20,large,448,256,1.00e-03,0.2,1,6,0.1481,0.4080,0.8166,0.7929,0.7172,0.3881,0.0347,0.1062,0.0000,large_s448_d256_lr0.001_p0.20
20260909_165356,2026-09-09T22:26:40,large,448,256,1.00e-03,0.2,1,7,0.1448,0.4353,0.7566,0.7187,0.7222,0.4961,0.2438,0.1094,0.0000,large_s448_d256_lr0.001_p0.20
20260909_165356,2026-09-09T22:27:00,large,448,256,1.00e-03,0.2,1,8,0.1289,0.4964,0.7806,0.7489,0.7616,0.5335,0.4863,0.1642,0.0000,large_s448_d256_lr0.001_p0.20
20260909_165356,2026-09-09T22:27:20,large,448,256,1.00e-03,0.2,1,9,0.1279,0.4400,0.7055,0.6314,0.7670,0.4023,0.4401,0.1336,0.0000,large_s448_d256_lr0.001_p0.20
20260909_165356,2026-09-09T22:27:39,large,448,256,1.00e-03,0.2,1,10,0.1254,0.4693,0.7046,0.6302,0.7806,0.5381,0.5390,0.0916,0.0014,large_s448_d256_lr0.001_p0.20
20260909_165356,2026-09-09T22:28:00,large,448,256,1.00e-03,0.2,1,11,0.1303,0.4175,0.7388,0.6293,0.6841,0.3010,0.4026,0.1658,0.0007,large_s448_d256_lr0.001_p0.20
20260909_165356,2026-09-09T22:28:20,large,448,256,1.00e-03,0.2,1,12,0.1142,0.3974,0.6748,0.5693,0.7632,0.3068,0.3492,0.1158,0.0030,large_s448_d256_lr0.001_p0.20
20260909_165356,2026-09-09T22:28:39,large,448,256,5.00e-04,0.2,1,13,0.1121,0.4611,0.7611,0.7170,0.7208,0.2798,0.5995,0.1495,0.0000,large_s448_d256_lr0.001_p0.20
20260909_165356,2026-09-09T22:28:59,large,448,256,5.00e-04,0.2,1,14,0.0979,0.4872,0.7350,0.6804,0.7669,0.5089,0.5470,0.1585,0.0135,large_s448_d256_lr0.001_p0.20
20260909_165356,2026-09-09T22:29:19,large,448,256,5.00e-04,0.2,1,15,0.0940,0.4619,0.7298,0.6645,0.7393,0.3706,0.5386,0.1730,0.0176,large_s448_d256_lr0.001_p0.20
20260909_165356,2026-09-09T22:29:39,large,448,256,5.00e-04,0.2,1,16,0.0912,0.5007,0.6960,0.6199,0.7648,0.4788,0.6542,0.2170,0.0742,large_s448_d256_lr0.001_p0.20
20260909_165356,2026-09-09T22:29:59,large,448,256,5.00e-04,0.2,1,17,0.0888,0.4774,0.7373,0.6845,0.7419,0.4507,0.5319,0.1954,0.0000,large_s448_d256_lr0.001_p0.20
20260909_165356,2026-09-09T22:30:19,large,448,256,5.00e-04,0.2,1,18,0.0882,0.4909,0.7279,0.6688,0.7558,0.4244,0.5663,0.1847,0.1081,large_s448_d256_lr0.001_p0.20
20260909_165356,2026-09-09T22:30:39,large,448,256,5.00e-04,0.2,1,19,0.0858,0.4650,0.7092,0.6355,0.7632,0.4226,0.5212,0.2030,0.0000,large_s448_d256_lr0.001_p0.20
20260909_165356,2026-09-09T22:30:59,large,448,256,5.00e-04,0.2,1,20,0.0904,0.4621,0.6993,0.6165,0.7215,0.6329,0.3210,0.1388,0.1049,large_s448_d256_lr0.001_p0.20
20260909_165356,2026-09-09T22:31:19,large,448,256,2.50e-04,0.2,1,21,0.0858,0.4632,0.7408,0.6899,0.7476,0.3646,0.5287,0.1682,0.0024,large_s448_d256_lr0.001_p0.20
20260909_165356,2026-09-09T22:31:38,large,448,256,2.50e-04,0.2,1,22,0.0768,0.5001,0.7232,0.6593,0.7505,0.4694,0.6311,0.1708,0.0967,large_s448_d256_lr0.001_p0.20
20260909_165356,2026-09-09T22:31:58,large,448,256,2.50e-04,0.2,1,23,0.0735,0.5063,0.7423,0.6945,0.7638,0.4386,0.5625,0.1972,0.1454,large_s448_d256_lr0.001_p0.20
20260909_165356,2026-09-09T22:32:18,large,448,256,2.50e-04,0.2,1,24,0.0727,0.4820,0.6904,0.5988,0.7690,0.4558,0.5762,0.1653,0.1181,large_s448_d256_lr0.001_p0.20
20260909_165356,2026-09-09T22:32:37,large,448,256,2.50e-04,0.2,1,25,0.0729,0.5061,0.7224,0.6606,0.7679,0.4652,0.6116,0.1924,0.1226,large_s448_d256_lr0.001_p0.20
20260909_165356,2026-09-09T22:32:57,large,448,256,2.50e-04,0.2,1,26,0.0689,0.5060,0.7349,0.6773,0.7691,0.4496,0.5935,0.1692,0.1485,large_s448_d256_lr0.001_p0.20
20260909_165356,2026-09-09T22:33:17,large,448,256,2.50e-04,0.2,1,27,0.0684,0.5287,0.7739,0.7403,0.7623,0.4818,0.6155,0.1927,0.1347,large_s448_d256_lr0.001_p0.20
20260909_165356,2026-09-09T22:33:36,large,448,256,2.50e-04,0.2,1,28,0.0687,0.5243,0.7591,0.7152,0.7542,0.4961,0.6416,0.1824,0.1213,large_s448_d256_lr0.001_p0.20
20260909_165356,2026-09-09T22:33:56,large,448,256,2.50e-04,0.2,1,29,0.0677,0.4897,0.7295,0.6686,0.7628,0.4415,0.5348,0.1692,0.1215,large_s448_d256_lr0.001_p0.20
20260909_165356,2026-09-09T22:34:16,large,448,256,2.50e-04,0.2,1,30,0.0661,0.5126,0.7469,0.6958,0.7690,0.5089,0.5757,0.1575,0.1345,large_s448_d256_lr0.001_p0.20
20260909_165356,2026-09-09T22:34:35,large,448,256,2.50e-04,0.2,1,31,0.0661,0.4896,0.7114,0.6468,0.7795,0.4513,0.5324,0.1901,0.1161,large_s448_d256_lr0.001_p0.20
20260909_165356,2026-09-09T22:34:55,large,448,256,1.25e-04,0.2,1,32,0.0651,0.5190,0.7482,0.6985,0.7732,0.5007,0.5962,0.1711,0.1452,large_s448_d256_lr0.001_p0.20
20260909_165356,2026-09-09T22:35:15,large,448,256,1.25e-04,0.2,1,33,0.0591,0.5048,0.7271,0.6642,0.7619,0.4822,0.5880,0.1779,0.1321,large_s448_d256_lr0.001_p0.20
20260909_165356,2026-09-09T22:35:34,large,448,256,1.25e-04,0.2,1,34,0.0592,0.5006,0.7051,0.6287,0.7699,0.4938,0.5924,0.1707,0.1433,large_s448_d256_lr0.001_p0.20
20260909_165356,2026-09-09T22:35:54,large,448,256,1.25e-04,0.2,1,35,0.0592,0.5011,0.7118,0.6390,0.7751,0.4737,0.6159,0.1718,0.1204,large_s448_d256_lr0.001_p0.20
20260909_165356,2026-09-09T22:36:13,large,448,256,1.25e-04,0.2,1,36,0.0570,0.4970,0.7155,0.6450,0.7747,0.4705,0.5787,0.1658,0.1287,large_s448_d256_lr0.001_p0.20
20260909_165356,2026-09-09T22:37:02,large,448,256,3.00e-04,0.3,1,0,0.3627,0.3777,0.8284,0.8029,0.6139,0.3990,0.0000,0.0000,0.0000,large_s448_d256_lr0.0003_p0.30
20260909_165356,2026-09-09T22:37:22,large,448,256,3.00e-04,0.3,1,1,0.2255,0.3958,0.8471,0.8259,0.6389,0.3217,0.0810,0.0562,0.0000,large_s448_d256_lr0.0003_p0.30
20260909_165356,2026-09-09T22:37:41,large,448,256,3.00e-04,0.3,1,2,0.1990,0.4123,0.8185,0.7949,0.7019,0.2110,0.2534,0.1068,0.0000,large_s448_d256_lr0.0003_p0.30
20260909_165356,2026-09-09T22:38:01,large,448,256,3.00e-04,0.3,1,3,0.1676,0.4196,0.7158,0.6473,0.7487,0.3316,0.2898,0.2042,0.0000,large_s448_d256_lr0.0003_p0.30
20260909_165356,2026-09-09T22:38:20,large,448,256,3.00e-04,0.3,1,4,0.1587,0.4404,0.7863,0.7564,0.7616,0.4972,0.1765,0.1045,0.0000,large_s448_d256_lr0.0003_p0.30
20260909_165356,2026-09-09T22:38:40,large,448,256,3.00e-04,0.3,1,5,0.1514,0.3969,0.7387,0.6790,0.6840,0.4333,0.1248,0.1135,0.0052,large_s448_d256_lr0.0003_p0.30
20260909_165356,2026-09-09T22:38:59,large,448,256,3.00e-04,0.3,1,6,0.1453,0.4177,0.7591,0.7146,0.7342,0.2742,0.2447,0.1968,0.0000,large_s448_d256_lr0.0003_p0.30
20260909_165356,2026-09-09T22:39:19,large,448,256,3.00e-04,0.3,1,7,0.1352,0.4109,0.7185,0.6524,0.7454,0.3362,0.2183,0.1488,0.0569,large_s448_d256_lr0.0003_p0.30
20260909_165356,2026-09-09T22:39:38,large,448,256,3.00e-04,0.3,1,8,0.1261,0.4815,0.7644,0.7224,0.7627,0.3159,0.3254,0.2310,0.2484,large_s448_d256_lr0.0003_p0.30
20260909_165356,2026-09-09T22:39:58,large,448,256,3.00e-04,0.3,1,9,0.1181,0.4663,0.7504,0.7071,0.7790,0.4448,0.3300,0.1630,0.0896,large_s448_d256_lr0.0003_p0.30
20260909_165356,2026-09-09T22:40:17,large,448,256,3.00e-04,0.3,1,10,0.1104,0.4535,0.7361,0.6756,0.7283,0.4479,0.2860,0.1620,0.1384,large_s448_d256_lr0.0003_p0.30
20260909_165356,2026-09-09T22:40:37,large,448,256,3.00e-04,0.3,1,11,0.1062,0.4783,0.7514,0.7072,0.7831,0.4322,0.3598,0.1905,0.1243,large_s448_d256_lr0.0003_p0.30
20260909_165356,2026-09-09T22:40:56,large,448,256,3.00e-04,0.3,1,12,0.1047,0.4355,0.7112,0.6377,0.7597,0.3106,0.4034,0.1428,0.0827,large_s448_d256_lr0.0003_p0.30
20260909_165356,2026-09-09T22:41:16,large,448,256,1.50e-04,0.3,1,13,0.0974,0.4763,0.7038,0.6249,0.7935,0.4024,0.4945,0.1431,0.1718,large_s448_d256_lr0.0003_p0.30
20260909_165356,2026-09-09T22:41:36,large,448,256,1.50e-04,0.3,1,14,0.0862,0.4837,0.7296,0.6681,0.7800,0.4131,0.4386,0.1870,0.1694,large_s448_d256_lr0.0003_p0.30
20260909_165356,2026-09-09T22:41:55,large,448,256,1.50e-04,0.3,1,15,0.0833,0.4839,0.7720,0.7356,0.7742,0.4199,0.3583,0.1794,0.1482,large_s448_d256_lr0.0003_p0.30
20260909_165356,2026-09-09T22:42:15,large,448,256,1.50e-04,0.3,1,16,0.0824,0.4640,0.7227,0.6550,0.7659,0.3918,0.4017,0.1556,0.1550,large_s448_d256_lr0.0003_p0.30
20260909_165356,2026-09-09T22:42:34,large,448,256,1.50e-04,0.3,1,17,0.0793,0.4734,0.7531,0.7055,0.7749,0.4443,0.2760,0.1921,0.1680,large_s448_d256_lr0.0003_p0.30
20260909_165356,2026-09-09T22:42:54,large,448,256,1.50e-04,0.3,1,18,0.0765,0.4779,0.7328,0.6708,0.7570,0.3836,0.4180,0.2012,0.1823,large_s448_d256_lr0.0003_p0.30
20260909_165356,2026-09-09T22:43:14,large,448,256,1.50e-04,0.3,1,19,0.0765,0.4631,0.7007,0.6223,0.7782,0.4189,0.4072,0.1592,0.1548,large_s448_d256_lr0.0003_p0.30
20260909_165356,2026-09-09T22:43:33,large,448,256,1.50e-04,0.3,1,20,0.0733,0.5303,0.7370,0.6829,0.7946,0.4672,0.6141,0.1741,0.2425,large_s448_d256_lr0.0003_p0.30
20260909_165356,2026-09-09T22:43:53,large,448,256,1.50e-04,0.3,1,21,0.0725,0.4820,0.7576,0.7098,0.7599,0.4097,0.3758,0.1412,0.2197,large_s448_d256_lr0.0003_p0.30
20260909_165356,2026-09-09T22:44:12,large,448,256,1.50e-04,0.3,1,22,0.0697,0.4973,0.7230,0.6575,0.7929,0.4075,0.5187,0.1377,0.2436,large_s448_d256_lr0.0003_p0.30
20260909_165356,2026-09-09T22:44:32,large,448,256,1.50e-04,0.3,1,23,0.0719,0.5074,0.7231,0.6600,0.7943,0.4044,0.5986,0.1603,0.2112,large_s448_d256_lr0.0003_p0.30
20260909_165356,2026-09-09T22:44:51,large,448,256,1.50e-04,0.3,1,24,0.0687,0.4845,0.7241,0.6635,0.7970,0.4564,0.4816,0.1561,0.1130,large_s448_d256_lr0.0003_p0.30
20260909_165356,2026-09-09T22:45:11,large,448,256,7.50e-05,0.3,1,25,0.0654,0.5244,0.7676,0.7309,0.7804,0.4614,0.4892,0.1433,0.2981,large_s448_d256_lr0.0003_p0.30
20260909_165356,2026-09-09T22:45:30,large,448,256,7.50e-05,0.3,1,26,0.0614,0.5005,0.7420,0.6893,0.7863,0.4119,0.5008,0.1475,0.2255,large_s448_d256_lr0.0003_p0.30
20260909_165356,2026-09-09T22:45:50,large,448,256,7.50e-05,0.3,1,27,0.0581,0.4968,0.7233,0.6568,0.7888,0.4477,0.5237,0.1449,0.1923,large_s448_d256_lr0.0003_p0.30
20260909_165356,2026-09-09T22:46:09,large,448,256,7.50e-05,0.3,1,28,0.0569,0.4847,0.7114,0.6364,0.7884,0.4883,0.4632,0.1421,0.1633,large_s448_d256_lr0.0003_p0.30
20260909_165356,2026-09-09T22:46:29,large,448,256,7.50e-05,0.3,1,29,0.0568,0.4865,0.6941,0.6049,0.7856,0.4289,0.5250,0.1494,0.2179,large_s448_d256_lr0.0003_p0.30
20260909_183741,2026-09-09T23:38:08,base_plus,448,256,1.00e-03,0.3,1,0,0.3206,0.3389,0.8298,0.8044,0.6122,0.1262,0.0000,0.0000,0.0000,base_plus_s448_d256_lr0.001_p0.30
20260909_183741,2026-09-09T23:38:17,base_plus,448,256,1.00e-03,0.3,1,1,0.2288,0.3651,0.7694,0.7297,0.6637,0.3836,0.0093,0.0000,0.0000,base_plus_s448_d256_lr0.001_p0.30
20260909_183741,2026-09-09T23:38:26,base_plus,448,256,1.00e-03,0.3,1,2,0.2164,0.3976,0.8762,0.8719,0.7000,0.3355,0.0000,0.0000,0.0000,base_plus_s448_d256_lr0.001_p0.30
20260909_183741,2026-09-09T23:38:36,base_plus,448,256,1.00e-03,0.3,1,3,0.1882,0.3399,0.7249,0.6641,0.6783,0.2897,0.0008,0.0217,0.0000,base_plus_s448_d256_lr0.001_p0.30
20260909_183741,2026-09-09T23:38:46,base_plus,448,256,1.00e-03,0.3,1,4,0.1760,0.3777,0.8480,0.8349,0.5913,0.2792,0.0494,0.0410,0.0000,base_plus_s448_d256_lr0.001_p0.30
20260909_183741,2026-09-09T23:38:59,base_plus,448,256,1.00e-03,0.3,1,5,0.1670,0.4459,0.8624,0.8591,0.7293,0.4893,0.0856,0.0955,0.0000,base_plus_s448_d256_lr0.001_p0.30
20260909_183741,2026-09-09T23:39:09,base_plus,448,256,1.00e-03,0.3,1,6,0.1444,0.4114,0.7873,0.7653,0.6475,0.4205,0.0547,0.2046,0.0000,base_plus_s448_d256_lr0.001_p0.30
20260909_183741,2026-09-09T23:39:18,base_plus,448,256,1.00e-03,0.3,1,7,0.1500,0.4087,0.8551,0.8443,0.6706,0.3302,0.0693,0.0912,0.0000,base_plus_s448_d256_lr0.001_p0.30
20260909_183741,2026-09-09T23:39:28,base_plus,448,256,1.00e-03,0.3,1,8,0.1462,0.4405,0.8520,0.8405,0.6590,0.4828,0.2265,0.0223,0.0000,base_plus_s448_d256_lr0.001_p0.30
20260909_183741,2026-09-09T23:39:38,base_plus,448,256,1.00e-03,0.3,1,9,0.1424,0.4760,0.8430,0.8316,0.7557,0.4504,0.3339,0.1174,0.0000,base_plus_s448_d256_lr0.001_p0.30
20260909_183741,2026-09-09T23:39:49,base_plus,448,256,1.00e-03,0.3,1,10,0.1274,0.4629,0.7873,0.7597,0.7373,0.5858,0.2510,0.1192,0.0000,base_plus_s448_d256_lr0.001_p0.30
20260909_183741,2026-09-09T23:39:59,base_plus,448,256,1.00e-03,0.3,1,11,0.1204,0.4693,0.8524,0.8405,0.7368,0.5533,0.2194,0.0827,0.0000,base_plus_s448_d256_lr0.001_p0.30
20260909_183741,2026-09-09T23:40:09,base_plus,448,256,1.00e-03,0.3,1,12,0.1226,0.4983,0.8562,0.8528,0.7463,0.5655,0.3010,0.1665,0.0000,base_plus_s448_d256_lr0.001_p0.30
20260909_183741,2026-09-09T23:40:18,base_plus,448,256,1.00e-03,0.3,1,13,0.1160,0.4805,0.8273,0.8112,0.7302,0.5310,0.3585,0.1054,0.0000,base_plus_s448_d256_lr0.001_p0.30
20260909_183741,2026-09-09T23:40:27,base_plus,448,256,1.00e-03,0.3,1,14,0.1100,0.4396,0.7115,0.6326,0.7306,0.5139,0.3955,0.0933,0.0000,base_plus_s448_d256_lr0.001_p0.30
20260909_183741,2026-09-09T23:40:37,base_plus,448,256,1.00e-03,0.3,1,15,0.1127,0.5193,0.8467,0.8346,0.7602,0.5218,0.5520,0.1198,0.0000,base_plus_s448_d256_lr0.001_p0.30
20260909_183741,2026-09-09T23:40:47,base_plus,448,256,1.00e-03,0.3,1,16,0.1201,0.4857,0.7955,0.7759,0.7731,0.5996,0.3622,0.0937,0.0000,base_plus_s448_d256_lr0.001_p0.30
20260909_183741,2026-09-09T23:40:56,base_plus,448,256,1.00e-03,0.3,1,17,0.1063,0.5039,0.8130,0.7964,0.7677,0.6212,0.3946,0.1341,0.0000,base_plus_s448_d256_lr0.001_p0.30
20260909_183741,2026-09-09T23:41:07,base_plus,448,256,1.00e-03,0.3,1,18,0.1043,0.4865,0.7363,0.6849,0.7622,0.5770,0.5353,0.1095,0.0000,base_plus_s448_d256_lr0.001_p0.30
20260909_183741,2026-09-09T23:41:16,base_plus,448,256,1.00e-03,0.3,1,19,0.0976,0.4903,0.7910,0.7658,0.7709,0.4052,0.5603,0.1389,0.0000,base_plus_s448_d256_lr0.001_p0.30
20260909_183741,2026-09-09T23:41:25,base_plus,448,256,5.00e-04,0.3,1,20,0.0928,0.4752,0.7502,0.7102,0.7569,0.5135,0.4649,0.1308,0.0000,base_plus_s448_d256_lr0.001_p0.30
20260909_183741,2026-09-09T23:41:34,base_plus,448,256,5.00e-04,0.3,1,21,0.0857,0.4797,0.7373,0.6873,0.7577,0.4624,0.5747,0.1387,0.0000,base_plus_s448_d256_lr0.001_p0.30
20260909_183741,2026-09-09T23:41:44,base_plus,448,256,5.00e-04,0.3,1,22,0.0806,0.4775,0.7707,0.7387,0.7738,0.4465,0.4822,0.1305,0.0000,base_plus_s448_d256_lr0.001_p0.30
20260909_183741,2026-09-09T23:42:54,base_plus,1024,512,1.00e-03,0.3,1,0,0.3357,0.2709,0.6950,0.6123,0.5890,0.0000,0.0000,0.0000,0.0000,base_plus_s1024_d512_lr0.001_p0.30
20260909_183741,2026-09-09T23:43:43,base_plus,1024,512,1.00e-03,0.3,1,1,0.2304,0.3136,0.7724,0.7378,0.6126,0.0723,0.0000,0.0000,0.0000,base_plus_s1024_d512_lr0.001_p0.30
20260909_183741,2026-09-09T23:44:32,base_plus,1024,512,1.00e-03,0.3,1,2,0.2111,0.3322,0.7372,0.6849,0.6924,0.2110,0.0000,0.0000,0.0000,base_plus_s1024_d512_lr0.001_p0.30
20260909_183741,2026-09-09T23:45:22,base_plus,1024,512,1.00e-03,0.3,1,3,0.1847,0.4094,0.8435,0.8317,0.6822,0.5082,0.0000,0.0000,0.0000,base_plus_s1024_d512_lr0.001_p0.30
20260909_183741,2026-09-09T23:46:11,base_plus,1024,512,1.00e-03,0.3,1,4,0.1725,0.4013,0.8272,0.8098,0.6822,0.4755,0.0000,0.0143,0.0000,base_plus_s1024_d512_lr0.001_p0.30
20260909_183741,2026-09-09T23:47:00,base_plus,1024,512,1.00e-03,0.3,1,5,0.1698,0.4285,0.8855,0.8815,0.7481,0.3600,0.0617,0.0624,0.0000,base_plus_s1024_d512_lr0.001_p0.30
20260909_183741,2026-09-09T23:47:49,base_plus,1024,512,1.00e-03,0.3,1,6,0.1723,0.3529,0.7051,0.6254,0.7506,0.2673,0.0000,0.1218,0.0000,base_plus_s1024_d512_lr0.001_p0.30
20260909_183741,2026-09-09T23:48:39,base_plus,1024,512,1.00e-03,0.3,1,7,0.1522,0.3771,0.7054,0.6282,0.7606,0.3598,0.0348,0.1508,0.0000,base_plus_s1024_d512_lr0.001_p0.30
20260909_183741,2026-09-09T23:49:27,base_plus,1024,512,1.00e-03,0.3,1,8,0.1470,0.4032,0.7027,0.6216,0.7183,0.4463,0.1817,0.1504,0.0014,base_plus_s1024_d512_lr0.001_p0.30
20260909_183741,2026-09-09T23:50:16,base_plus,1024,512,1.00e-03,0.3,1,9,0.1335,0.4086,0.8472,0.8330,0.7208,0.2552,0.0852,0.1184,0.0001,base_plus_s1024_d512_lr0.001_p0.30
20260909_183741,2026-09-09T23:51:05,base_plus,1024,512,5.00e-04,0.3,1,10,0.1402,0.4033,0.7513,0.7057,0.7064,0.3687,0.1942,0.0923,0.0042,base_plus_s1024_d512_lr0.001_p0.30
20260909_183741,2026-09-09T23:51:54,base_plus,1024,512,5.00e-04,0.3,1,11,0.1268,0.3849,0.7261,0.6602,0.7769,0.3229,0.0639,0.1421,0.0021,base_plus_s1024_d512_lr0.001_p0.30
20260909_183741,2026-09-09T23:53:01,base_plus,1024,512,5.00e-04,0.3,1,12,0.1170,0.4381,0.7110,0.6417,0.7900,0.3839,0.3457,0.1889,0.0052,base_plus_s1024_d512_lr0.001_p0.30
20260909_183741,2026-09-09T23:54:09,base_plus,1024,512,5.00e-04,0.3,1,13,0.1161,0.4364,0.7490,0.6978,0.7711,0.3894,0.2733,0.1671,0.0069,base_plus_s1024_d512_lr0.001_p0.30
20260909_183741,2026-09-09T23:55:04,base_plus,1024,512,5.00e-04,0.3,1,14,0.1104,0.4715,0.7235,0.6604,0.7928,0.4656,0.4595,0.1889,0.0101,base_plus_s1024_d512_lr0.001_p0.30
20260909_183741,2026-09-09T23:55:53,base_plus,1024,512,5.00e-04,0.3,1,15,0.1076,0.4305,0.6867,0.5963,0.7588,0.4919,0.3134,0.1582,0.0081,base_plus_s1024_d512_lr0.001_p0.30
20260909_183741,2026-09-09T23:56:42,base_plus,1024,512,5.00e-04,0.3,1,16,0.1151,0.4531,0.8099,0.7731,0.7338,0.4117,0.2495,0.1866,0.0070,base_plus_s1024_d512_lr0.001_p0.30
20260909_183741,2026-09-09T23:57:31,base_plus,1024,512,5.00e-04,0.3,1,17,0.1079,0.4487,0.6992,0.6169,0.7927,0.3792,0.4370,0.2037,0.0124,base_plus_s1024_d512_lr0.001_p0.30
20260909_183741,2026-09-09T23:58:21,base_plus,1024,512,5.00e-04,0.3,1,18,0.1047,0.4723,0.6978,0.6178,0.7974,0.3623,0.6286,0.2019,0.0000,base_plus_s1024_d512_lr0.001_p0.30
20260909_183741,2026-09-09T23:59:10,base_plus,1024,512,5.00e-04,0.3,1,19,0.1048,0.4863,0.7027,0.6273,0.7991,0.4817,0.5958,0.1679,0.0297,base_plus_s1024_d512_lr0.001_p0.30
20260909_183741,2026-09-10T00:00:00,base_plus,1024,512,5.00e-04,0.3,1,20,0.0984,0.4866,0.7523,0.7005,0.7903,0.3465,0.5990,0.2177,0.0003,base_plus_s1024_d512_lr0.001_p0.30
20260909_183741,2026-09-10T00:01:10,base_plus,1024,512,5.00e-04,0.3,1,21,0.0975,0.4690,0.7119,0.6369,0.7892,0.3749,0.5188,0.2467,0.0047,base_plus_s1024_d512_lr0.001_p0.30
20260909_183741,2026-09-10T00:02:23,base_plus,1024,512,5.00e-04,0.3,1,22,0.0986,0.4574,0.6434,0.5118,0.7976,0.4999,0.5586,0.1826,0.0081,base_plus_s1024_d512_lr0.001_p0.30
20260909_183741,2026-09-10T00:03:37,base_plus,1024,512,5.00e-04,0.3,1,23,0.0998,0.4531,0.7215,0.6548,0.7962,0.3643,0.3674,0.2418,0.0257,base_plus_s1024_d512_lr0.001_p0.30
20260909_183741,2026-09-10T00:04:50,base_plus,1024,512,5.00e-04,0.3,1,24,0.1009,0.4535,0.6871,0.5989,0.8189,0.3925,0.4189,0.2243,0.0335,base_plus_s1024_d512_lr0.001_p0.30
20260909_183741,2026-09-10T00:05:42,base_plus,1024,512,2.50e-04,0.3,1,25,0.0974,0.4854,0.7048,0.6298,0.8015,0.3806,0.5931,0.2328,0.0554,base_plus_s1024_d512_lr0.001_p0.30
20260909_183741,2026-09-10T00:06:31,base_plus,1024,512,2.50e-04,0.3,1,26,0.0898,0.4496,0.7204,0.6519,0.7778,0.3916,0.3494,0.2556,0.0004,base_plus_s1024_d512_lr0.001_p0.30
20260909_183741,2026-09-10T00:07:20,base_plus,1024,512,2.50e-04,0.3,1,27,0.0850,0.4848,0.6969,0.6227,0.8110,0.4124,0.6109,0.2371,0.0026,base_plus_s1024_d512_lr0.001_p0.30
20260909_183741,2026-09-10T00:08:09,base_plus,1024,512,2.50e-04,0.3,1,28,0.0823,0.5012,0.7137,0.6455,0.7966,0.4380,0.6380,0.2446,0.0319,base_plus_s1024_d512_lr0.001_p0.30
20260909_183741,2026-09-10T00:08:58,base_plus,1024,512,2.50e-04,0.3,1,29,0.0818,0.4983,0.7055,0.6308,0.7969,0.4237,0.6203,0.2376,0.0730,base_plus_s1024_d512_lr0.001_p0.30
20260909_183741,2026-09-10T00:10:34,large,1024,256,1.00e-03,0.3,1,0,0.3071,0.4015,0.8539,0.8383,0.6398,0.4788,0.0000,0.0000,0.0000,large_s1024_d256_lr0.001_p0.30
20260909_183741,2026-09-10T00:12:10,large,1024,256,1.00e-03,0.3,1,1,0.2034,0.3677,0.8437,0.8254,0.7157,0.1809,0.0000,0.0084,0.0000,large_s1024_d256_lr0.001_p0.30
20260909_183741,2026-09-10T00:13:47,large,1024,256,1.00e-03,0.3,1,2,0.1888,0.3824,0.7526,0.7026,0.7096,0.3590,0.1321,0.0209,0.0000,large_s1024_d256_lr0.001_p0.30
20260909_183741,2026-09-10T00:15:28,large,1024,256,1.00e-03,0.3,1,3,0.1831,0.3897,0.6990,0.6115,0.7146,0.3694,0.1531,0.1801,0.0000,large_s1024_d256_lr0.001_p0.30
20260909_183741,2026-09-10T00:17:14,large,1024,256,1.00e-03,0.3,1,4,0.1649,0.4163,0.8185,0.7931,0.6967,0.3401,0.1216,0.1440,0.0000,large_s1024_d256_lr0.001_p0.30
20260909_183741,2026-09-10T00:19:34,large,1024,256,1.00e-03,0.3,1,5,0.1532,0.4461,0.7961,0.7662,0.7573,0.3352,0.2951,0.1726,0.0000,large_s1024_d256_lr0.001_p0.30
20260909_183741,2026-09-10T00:21:55,large,1024,256,1.00e-03,0.3,1,6,0.1422,0.4394,0.7174,0.6444,0.7641,0.4368,0.2856,0.2275,0.0000,large_s1024_d256_lr0.001_p0.30
20260909_183741,2026-09-10T00:24:16,large,1024,256,1.00e-03,0.3,1,7,0.1543,0.4048,0.6755,0.5678,0.7764,0.4438,0.1806,0.1897,0.0000,large_s1024_d256_lr0.001_p0.30
20260909_183741,2026-09-10T00:26:39,large,1024,256,1.00e-03,0.3,1,8,0.1522,0.4574,0.8374,0.8207,0.7466,0.3663,0.2821,0.1484,0.0000,large_s1024_d256_lr0.001_p0.30
20260909_183741,2026-09-09T23:38:10,base_plus,448,512,1.00e-03,0.3,1,0,0.3460,0.3309,0.8639,0.8455,0.5086,0.0986,0.0000,0.0000,0.0000,base_plus_s448_d512_lr0.001_p0.30
20260909_183741,2026-09-09T23:38:21,base_plus,448,512,1.00e-03,0.3,1,1,0.2522,0.3660,0.8065,0.7914,0.6971,0.2666,0.0000,0.0000,0.0000,base_plus_s448_d512_lr0.001_p0.30
20260909_183741,2026-09-09T23:38:33,base_plus,448,512,1.00e-03,0.3,1,2,0.2275,0.3211,0.6979,0.6194,0.6316,0.2987,0.0000,0.0000,0.0000,base_plus_s448_d512_lr0.001_p0.30
20260909_183741,2026-09-09T23:38:45,base_plus,448,512,1.00e-03,0.3,1,3,0.1987,0.3801,0.7881,0.7664,0.7197,0.3809,0.0000,0.0058,0.0000,base_plus_s448_d512_lr0.001_p0.30
20260909_183741,2026-09-09T23:39:00,base_plus,448,512,1.00e-03,0.3,1,4,0.2012,0.3516,0.7263,0.6644,0.7158,0.3165,0.0000,0.0380,0.0000,base_plus_s448_d512_lr0.001_p0.30
20260909_183741,2026-09-09T23:39:12,base_plus,448,512,1.00e-03,0.3,1,5,0.1784,0.3687,0.7701,0.7409,0.7103,0.2916,0.0000,0.0678,0.0000,base_plus_s448_d512_lr0.001_p0.30
20260909_183741,2026-09-09T23:39:24,base_plus,448,512,1.00e-03,0.3,1,6,0.1747,0.4014,0.8078,0.7870,0.7160,0.3894,0.0246,0.0852,0.0000,base_plus_s448_d512_lr0.001_p0.30
20260909_183741,2026-09-09T23:39:36,base_plus,448,512,1.00e-03,0.3,1,7,0.1635,0.4111,0.8174,0.7989,0.6994,0.4410,0.0254,0.0954,0.0000,base_plus_s448_d512_lr0.001_p0.30
20260909_183741,2026-09-09T23:39:48,base_plus,448,512,1.00e-03,0.3,1,8,0.1551,0.3877,0.7861,0.7643,0.6312,0.3586,0.0918,0.0818,0.0000,base_plus_s448_d512_lr0.001_p0.30
20260909_183741,2026-09-09T23:40:00,base_plus,448,512,1.00e-03,0.3,1,9,0.1467,0.4385,0.8172,0.8009,0.7517,0.4373,0.1575,0.1048,0.0000,base_plus_s448_d512_lr0.001_p0.30
20260909_183741,2026-09-09T23:40:12,base_plus,448,512,1.00e-03,0.3,1,10,0.1441,0.4225,0.8321,0.8199,0.7210,0.3474,0.0845,0.1524,0.0000,base_plus_s448_d512_lr0.001_p0.30
20260909_183741,2026-09-09T23:40:24,base_plus,448,512,1.00e-03,0.3,1,11,0.1335,0.4836,0.7460,0.7039,0.7318,0.5823,0.5287,0.0921,0.0000,base_plus_s448_d512_lr0.001_p0.30
20260909_183741,2026-09-09T23:40:34,base_plus,448,512,1.00e-03,0.3,1,12,0.1487,0.4496,0.7892,0.7628,0.7358,0.3488,0.3972,0.1135,0.0000,base_plus_s448_d512_lr0.001_p0.30
20260909_183741,2026-09-09T23:40:46,base_plus,448,512,1.00e-03,0.3,1,13,0.1562,0.4236,0.7615,0.7203,0.7169,0.4727,0.2098,0.0841,0.0000,base_plus_s448_d512_lr0.001_p0.30
20260909_183741,2026-09-09T23:40:58,base_plus,448,512,1.00e-03,0.3,1,14,0.1298,0.4500,0.7765,0.7506,0.7580,0.4590,0.2932,0.1129,0.0000,base_plus_s448_d512_lr0.001_p0.30
20260909_183741,2026-09-09T23:41:10,base_plus,448,512,1.00e-03,0.3,1,15,0.1203,0.4766,0.8151,0.7999,0.7758,0.4791,0.3497,0.1167,0.0000,base_plus_s448_d512_lr0.001_p0.30
20260909_183741,2026-09-09T23:41:21,base_plus,448,512,5.00e-04,0.3,1,16,0.1131,0.4607,0.8080,0.7907,0.7464,0.4148,0.3363,0.1289,0.0000,base_plus_s448_d512_lr0.001_p0.30
20260909_183741,2026-09-09T23:41:31,base_plus,448,512,5.00e-04,0.3,1,17,0.1009,0.4534,0.7831,0.7536,0.7428,0.4515,0.3188,0.1242,0.0001,base_plus_s448_d512_lr0.001_p0.30
20260909_183741,2026-09-09T23:41:42,base_plus,448,512,5.00e-04,0.3,1,18,0.0987,0.4764,0.8296,0.8149,0.7383,0.4615,0.3701,0.1207,0.0000,base_plus_s448_d512_lr0.001_p0.30
20260909_183741,2026-09-09T23:41:54,base_plus,448,512,5.00e-04,0.3,1,19,0.0948,0.4866,0.7787,0.7506,0.7844,0.4734,0.4945,0.1244,0.0000,base_plus_s448_d512_lr0.001_p0.30
20260909_183741,2026-09-09T23:42:06,base_plus,448,512,5.00e-04,0.3,1,20,0.0925,0.4600,0.7394,0.6933,0.7712,0.4304,0.4561,0.1294,0.0000,base_plus_s448_d512_lr0.001_p0.30
20260909_183741,2026-09-09T23:42:16,base_plus,448,512,5.00e-04,0.3,1,21,0.0915,0.4696,0.7690,0.7409,0.7734,0.4245,0.4503,0.1291,0.0000,base_plus_s448_d512_lr0.001_p0.30
20260909_183741,2026-09-09T23:42:27,base_plus,448,512,5.00e-04,0.3,1,22,0.0919,0.4632,0.7307,0.6787,0.7601,0.4747,0.4610,0.1372,0.0000,base_plus_s448_d512_lr0.001_p0.30
20260909_183741,2026-09-09T23:42:38,base_plus,448,512,5.00e-04,0.3,1,23,0.0892,0.4860,0.7959,0.7778,0.7873,0.3993,0.5182,0.1237,0.0000,base_plus_s448_d512_lr0.001_p0.30
20260909_183741,2026-09-09T23:42:49,base_plus,448,512,2.50e-04,0.3,1,24,0.0913,0.4552,0.7920,0.7723,0.7786,0.4259,0.2722,0.1457,0.0000,base_plus_s448_d512_lr0.001_p0.30
20260909_183741,2026-09-09T23:43:00,base_plus,448,512,2.50e-04,0.3,1,25,0.0792,0.4662,0.7712,0.7383,0.7771,0.4346,0.4114,0.1310,0.0000,base_plus_s448_d512_lr0.001_p0.30
20260909_183741,2026-09-09T23:43:10,base_plus,448,512,2.50e-04,0.3,1,26,0.0778,0.4593,0.7494,0.7079,0.7578,0.4251,0.4335,0.1412,0.0000,base_plus_s448_d512_lr0.001_p0.30
20260909_183741,2026-09-09T23:43:50,large,448,256,1.00e-03,0.3,1,0,0.3407,0.2812,0.7408,0.6478,0.3684,0.2113,0.0000,0.0000,0.0000,large_s448_d256_lr0.001_p0.30
20260909_183741,2026-09-09T23:44:10,large,448,256,1.00e-03,0.3,1,1,0.2403,0.3591,0.7827,0.7443,0.6676,0.3192,0.0000,0.0000,0.0000,large_s448_d256_lr0.001_p0.30
20260909_183741,2026-09-09T23:44:30,large,448,256,1.00e-03,0.3,1,2,0.2057,0.3456,0.8076,0.7815,0.6268,0.2034,0.0000,0.0000,0.0000,large_s448_d256_lr0.001_p0.30
20260909_183741,2026-09-09T23:44:50,large,448,256,1.00e-03,0.3,1,3,0.2024,0.3800,0.8054,0.7725,0.6663,0.2667,0.0006,0.1482,0.0000,large_s448_d256_lr0.001_p0.30
20260909_183741,2026-09-09T23:45:10,large,448,256,1.00e-03,0.3,1,4,0.1845,0.3901,0.8268,0.8041,0.6303,0.3918,0.0262,0.0517,0.0000,large_s448_d256_lr0.001_p0.30
20260909_183741,2026-09-09T23:45:30,large,448,256,1.00e-03,0.3,1,5,0.1705,0.3839,0.7306,0.6645,0.6887,0.3013,0.0592,0.2431,0.0000,large_s448_d256_lr0.001_p0.30
20260909_183741,2026-09-09T23:45:50,large,448,256,1.00e-03,0.3,1,6,0.1594,0.4058,0.7912,0.7503,0.6601,0.2216,0.1947,0.2224,0.0000,large_s448_d256_lr0.001_p0.30
20260909_183741,2026-09-09T23:46:09,large,448,256,1.00e-03,0.3,1,7,0.1500,0.4316,0.7635,0.7201,0.7203,0.5053,0.1830,0.1289,0.0000,large_s448_d256_lr0.001_p0.30
20260909_183741,2026-09-09T23:46:29,large,448,256,1.00e-03,0.3,1,8,0.1508,0.4514,0.7662,0.7229,0.7214,0.4365,0.2949,0.2177,0.0000,large_s448_d256_lr0.001_p0.30
20260909_183741,2026-09-09T23:46:49,large,448,256,1.00e-03,0.3,1,9,0.1432,0.4494,0.7921,0.7585,0.6929,0.4184,0.2066,0.2775,0.0000,large_s448_d256_lr0.001_p0.30
20260909_183741,2026-09-09T23:47:08,large,448,256,1.00e-03,0.3,1,10,0.1379,0.4272,0.7141,0.6377,0.7130,0.5185,0.2513,0.1559,0.0000,large_s448_d256_lr0.001_p0.30
20260909_183741,2026-09-09T23:47:28,large,448,256,1.00e-03,0.3,1,11,0.1388,0.3884,0.8306,0.7844,0.7276,0.0502,0.1878,0.1382,0.0000,large_s448_d256_lr0.001_p0.30
20260909_183741,2026-09-09T23:47:48,large,448,256,1.00e-03,0.3,1,12,0.1359,0.4756,0.7804,0.7447,0.7494,0.3975,0.2952,0.3615,0.0005,large_s448_d256_lr0.001_p0.30
20260909_183741,2026-09-09T23:48:08,large,448,256,1.00e-03,0.3,1,13,0.1229,0.4985,0.7828,0.7503,0.7495,0.4271,0.3682,0.2992,0.1125,large_s448_d256_lr0.001_p0.30
20260909_183741,2026-09-09T23:48:27,large,448,256,1.00e-03,0.3,1,14,0.1218,0.4857,0.7605,0.7170,0.7295,0.5388,0.3583,0.2838,0.0122,large_s448_d256_lr0.001_p0.30
20260909_183741,2026-09-09T23:48:47,large,448,256,1.00e-03,0.3,1,15,0.1142,0.4607,0.7319,0.6716,0.7577,0.3022,0.4676,0.2134,0.0807,large_s448_d256_lr0.001_p0.30
20260909_183741,2026-09-09T23:49:07,large,448,256,1.00e-03,0.3,1,16,0.1142,0.4822,0.7698,0.7296,0.7290,0.3791,0.3022,0.2312,0.2346,large_s448_d256_lr0.001_p0.30
20260909_183741,2026-09-09T23:49:26,large,448,256,1.00e-03,0.3,1,17,0.1053,0.4879,0.7396,0.6847,0.7543,0.3457,0.4469,0.2704,0.1735,large_s448_d256_lr0.001_p0.30
20260909_183741,2026-09-09T23:49:47,large,448,256,1.00e-03,0.3,1,18,0.1035,0.5244,0.7785,0.7472,0.7437,0.3331,0.4735,0.2829,0.3119,large_s448_d256_lr0.001_p0.30
20260909_183741,2026-09-09T23:50:06,large,448,256,1.00e-03,0.3,1,19,0.1008,0.4894,0.7138,0.6420,0.7715,0.5712,0.4121,0.2627,0.0524,large_s448_d256_lr0.001_p0.30
20260909_183741,2026-09-09T23:50:26,large,448,256,1.00e-03,0.3,1,20,0.1039,0.4963,0.7188,0.6533,0.7804,0.4203,0.3882,0.2811,0.2318,large_s448_d256_lr0.001_p0.30
20260909_183741,2026-09-09T23:50:45,large,448,256,1.00e-03,0.3,1,21,0.0959,0.4979,0.7446,0.6900,0.7322,0.6194,0.4669,0.1962,0.0356,large_s448_d256_lr0.001_p0.30
20260909_183741,2026-09-09T23:51:05,large,448,256,1.00e-03,0.3,1,22,0.0949,0.5010,0.7203,0.6508,0.7303,0.4811,0.5298,0.3177,0.0766,large_s448_d256_lr0.001_p0.30
20260909_183741,2026-09-09T23:51:25,large,448,256,5.00e-04,0.3,1,23,0.0922,0.4685,0.6789,0.5734,0.7274,0.4784,0.5116,0.2615,0.0485,large_s448_d256_lr0.001_p0.30
20260909_183741,2026-09-09T23:51:45,large,448,256,5.00e-04,0.3,1,24,0.0832,0.5086,0.7506,0.7031,0.7578,0.3905,0.4992,0.3420,0.1172,large_s448_d256_lr0.001_p0.30
20260909_183741,2026-09-09T23:52:05,large,448,256,5.00e-04,0.3,1,25,0.0777,0.4967,0.7066,0.6296,0.7651,0.4233,0.4900,0.3304,0.1318,large_s448_d256_lr0.001_p0.30
20260909_183741,2026-09-09T23:52:25,large,448,256,5.00e-04,0.3,1,26,0.0797,0.5265,0.8029,0.7753,0.7499,0.4533,0.5234,0.2785,0.1026,large_s448_d256_lr0.001_p0.30
20260909_183741,2026-09-09T23:52:44,large,448,256,5.00e-04,0.3,1,27,0.0761,0.5073,0.7508,0.7033,0.7638,0.4338,0.4268,0.3308,0.1420,large_s448_d256_lr0.001_p0.30
20260909_183741,2026-09-09T23:53:04,large,448,256,5.00e-04,0.3,1,28,0.0765,0.5228,0.7688,0.7294,0.7720,0.4381,0.4732,0.3302,0.1478,large_s448_d256_lr0.001_p0.30
20260909_183741,2026-09-09T23:53:24,large,448,256,5.00e-04,0.3,1,29,0.0795,0.4778,0.7296,0.6674,0.7591,0.4607,0.3506,0.2774,0.0996,large_s448_d256_lr0.001_p0.30
20260909_183741,2026-09-09T23:55:10,large,1024,512,1.00e-03,0.3,1,0,0.3382,0.3603,0.8409,0.8248,0.6292,0.2269,0.0000,0.0000,0.0000,large_s1024_d512_lr0.001_p0.30
20260909_183741,2026-09-09T23:57:25,large,1024,512,1.00e-03,0.3,1,1,0.2332,0.3862,0.8617,0.8482,0.6600,0.3336,0.0000,0.0000,0.0000,large_s1024_d512_lr0.001_p0.30
20260909_183741,2026-09-09T23:59:01,large,1024,512,1.00e-03,0.3,1,2,0.1934,0.4147,0.7720,0.7297,0.6859,0.5612,0.0614,0.0924,0.0000,large_s1024_d512_lr0.001_p0.30
20260909_183741,2026-09-10T00:00:36,large,1024,512,1.00e-03,0.3,1,3,0.1767,0.3632,0.7467,0.6931,0.6668,0.2695,0.1232,0.0430,0.0000,large_s1024_d512_lr0.001_p0.30
20260909_183741,2026-09-10T00:02:11,large,1024,512,1.00e-03,0.3,1,4,0.1702,0.3938,0.7369,0.6763,0.7013,0.3568,0.1809,0.1041,0.0000,large_s1024_d512_lr0.001_p0.30
20260909_183741,2026-09-10T00:03:46,large,1024,512,1.00e-03,0.3,1,5,0.1502,0.4482,0.7990,0.7696,0.7436,0.3785,0.2657,0.1808,0.0000,large_s1024_d512_lr0.001_p0.30
20260909_183741,2026-09-10T00:05:28,large,1024,512,1.00e-03,0.3,1,6,0.1468,0.4835,0.7848,0.7534,0.7517,0.4917,0.4184,0.1845,0.0000,large_s1024_d512_lr0.001_p0.30
20260909_183741,2026-09-10T00:07:03,large,1024,512,1.00e-03,0.3,1,7,0.1379,0.4479,0.7600,0.7137,0.7502,0.3010,0.4352,0.1745,0.0008,large_s1024_d512_lr0.001_p0.30
20260909_183741,2026-09-10T00:08:39,large,1024,512,1.00e-03,0.3,1,8,0.1337,0.5254,0.7937,0.7634,0.7501,0.5146,0.6429,0.2090,0.0043,large_s1024_d512_lr0.001_p0.30
20260909_183741,2026-09-10T00:10:14,large,1024,512,1.00e-03,0.3,1,9,0.1365,0.4022,0.8565,0.8433,0.7273,0.2251,0.1039,0.0593,0.0000,large_s1024_d512_lr0.001_p0.30
20260909_183741,2026-09-10T00:11:52,large,1024,512,1.00e-03,0.3,1,10,0.1465,0.3906,0.7265,0.6582,0.7621,0.3046,0.1383,0.1442,0.0000,large_s1024_d512_lr0.001_p0.30
20260909_183741,2026-09-10T00:13:33,large,1024,512,1.00e-03,0.3,1,11,0.1371,0.4203,0.7525,0.7017,0.7662,0.3071,0.2856,0.1291,0.0000,large_s1024_d512_lr0.001_p0.30
20260909_183741,2026-09-10T00:15:08,large,1024,512,1.00e-03,0.3,1,12,0.1344,0.4741,0.8144,0.7920,0.7675,0.3739,0.3714,0.1996,0.0000,large_s1024_d512_lr0.001_p0.30
20260909_183741,2026-09-10T00:16:44,large,1024,512,5.00e-04,0.3,1,13,0.1270,0.4311,0.6987,0.6139,0.7751,0.3819,0.3231,0.2247,0.0000,large_s1024_d512_lr0.001_p0.30
20260909_183741,2026-09-10T00:18:22,large,1024,512,5.00e-04,0.3,1,14,0.1121,0.4572,0.7834,0.7474,0.7791,0.3005,0.3892,0.2010,0.0000,large_s1024_d512_lr0.001_p0.30
20260909_183741,2026-09-10T00:19:59,large,1024,512,5.00e-04,0.3,1,15,0.1078,0.4319,0.7620,0.7168,0.7786,0.3493,0.2212,0.1953,0.0000,large_s1024_d512_lr0.001_p0.30
20260909_183741,2026-09-09T23:38:49,base_plus,1024,256,1.00e-03,0.3,1,0,0.3073,0.3236,0.7880,0.7585,0.6390,0.0800,0.0000,0.0000,0.0000,base_plus_s1024_d256_lr0.001_p0.30
20260909_183741,2026-09-09T23:39:39,base_plus,1024,256,1.00e-03,0.3,1,1,0.2117,0.3718,0.8836,0.8854,0.6767,0.1572,0.0000,0.0000,0.0000,base_plus_s1024_d256_lr0.001_p0.30
20260909_183741,2026-09-09T23:40:27,base_plus,1024,256,1.00e-03,0.3,1,2,0.1944,0.3334,0.6897,0.6026,0.7281,0.3111,0.0014,0.0009,0.0000,base_plus_s1024_d256_lr0.001_p0.30
20260909_183741,2026-09-09T23:41:17,base_plus,1024,256,1.00e-03,0.3,1,3,0.1806,0.3821,0.8260,0.8096,0.7141,0.3087,0.0000,0.0165,0.0000,base_plus_s1024_d256_lr0.001_p0.30
20260909_183741,2026-09-09T23:42:05,base_plus,1024,256,1.00e-03,0.3,1,4,0.1761,0.3971,0.8876,0.8839,0.7311,0.2557,0.0000,0.0214,0.0000,base_plus_s1024_d256_lr0.001_p0.30
20260909_183741,2026-09-09T23:42:53,base_plus,1024,256,1.00e-03,0.3,1,5,0.1614,0.3810,0.7347,0.6811,0.7363,0.3451,0.0007,0.1689,0.0000,base_plus_s1024_d256_lr0.001_p0.30
20260909_183741,2026-09-09T23:43:40,base_plus,1024,256,1.00e-03,0.3,1,6,0.1527,0.4326,0.7578,0.7179,0.7614,0.4968,0.0735,0.2212,0.0000,base_plus_s1024_d256_lr0.001_p0.30
20260909_183741,2026-09-09T23:44:28,base_plus,1024,256,1.00e-03,0.3,1,7,0.1415,0.4202,0.8571,0.8470,0.7579,0.2940,0.0577,0.1275,0.0000,base_plus_s1024_d256_lr0.001_p0.30
20260909_183741,2026-09-09T23:45:16,base_plus,1024,256,1.00e-03,0.3,1,8,0.1446,0.3681,0.7092,0.6343,0.7186,0.2502,0.1089,0.1482,0.0077,base_plus_s1024_d256_lr0.001_p0.30
20260909_183741,2026-09-09T23:46:03,base_plus,1024,256,1.00e-03,0.3,1,9,0.1344,0.4622,0.7790,0.7466,0.7619,0.4410,0.1794,0.3272,0.0001,base_plus_s1024_d256_lr0.001_p0.30
20260909_183741,2026-09-09T23:46:50,base_plus,1024,256,1.00e-03,0.3,1,10,0.1381,0.4124,0.7112,0.6420,0.7742,0.2924,0.2295,0.2273,0.0103,base_plus_s1024_d256_lr0.001_p0.30
20260909_183741,2026-09-09T23:47:38,base_plus,1024,256,1.00e-03,0.3,1,11,0.1278,0.4342,0.7030,0.6255,0.7825,0.3536,0.2832,0.2900,0.0017,base_plus_s1024_d256_lr0.001_p0.30
20260909_183741,2026-09-09T23:48:25,base_plus,1024,256,1.00e-03,0.3,1,12,0.1186,0.4650,0.7195,0.6550,0.7573,0.4366,0.3637,0.3083,0.0148,base_plus_s1024_d256_lr0.001_p0.30
20260909_183741,2026-09-09T23:49:11,base_plus,1024,256,1.00e-03,0.3,1,13,0.1196,0.4685,0.6815,0.5912,0.7670,0.3598,0.4648,0.3427,0.0726,base_plus_s1024_d256_lr0.001_p0.30
20260909_183741,2026-09-09T23:49:58,base_plus,1024,256,1.00e-03,0.3,1,14,0.1160,0.4709,0.7788,0.7432,0.7541,0.2695,0.4527,0.2956,0.0025,base_plus_s1024_d256_lr0.001_p0.30
20260909_183741,2026-09-09T23:50:45,base_plus,1024,256,1.00e-03,0.3,1,15,0.1137,0.5011,0.7698,0.7346,0.7968,0.3174,0.3961,0.4404,0.0523,base_plus_s1024_d256_lr0.001_p0.30
20260909_183741,2026-09-09T23:51:32,base_plus,1024,256,1.00e-03,0.3,1,16,0.1098,0.5106,0.7876,0.7592,0.8003,0.3800,0.4381,0.2730,0.1360,base_plus_s1024_d256_lr0.001_p0.30
20260909_183741,2026-09-09T23:52:19,base_plus,1024,256,1.00e-03,0.3,1,17,0.1075,0.4818,0.7729,0.7431,0.8033,0.4185,0.2664,0.2667,0.1016,base_plus_s1024_d256_lr0.001_p0.30
20260909_183741,2026-09-09T23:53:07,base_plus,1024,256,1.00e-03,0.3,1,18,0.1041,0.5173,0.7420,0.6993,0.8199,0.3657,0.5154,0.3953,0.0837,base_plus_s1024_d256_lr0.001_p0.30
20260909_183741,2026-09-09T23:53:53,base_plus,1024,256,1.00e-03,0.3,1,19,0.1161,0.4709,0.7764,0.7376,0.7413,0.3099,0.5320,0.1989,0.0000,base_plus_s1024_d256_lr0.001_p0.30
20260909_183741,2026-09-09T23:54:40,base_plus,1024,256,1.00e-03,0.3,1,20,0.1081,0.4519,0.7357,0.6868,0.7943,0.4326,0.1788,0.3323,0.0028,base_plus_s1024_d256_lr0.001_p0.30
20260909_183741,2026-09-09T23:55:27,base_plus,1024,256,1.00e-03,0.3,1,21,0.1068,0.3885,0.7232,0.6690,0.7358,0.1074,0.3376,0.1064,0.0401,base_plus_s1024_d256_lr0.001_p0.30
20260909_183741,2026-09-09T23:56:14,base_plus,1024,256,1.00e-03,0.3,1,22,0.1111,0.4388,0.7017,0.6224,0.7882,0.3618,0.4046,0.1830,0.0102,base_plus_s1024_d256_lr0.001_p0.30
20260909_183741,2026-09-09T23:57:01,base_plus,1024,256,5.00e-04,0.3,1,23,0.1098,0.4540,0.7082,0.6345,0.8174,0.2660,0.4462,0.3058,0.0000,base_plus_s1024_d256_lr0.001_p0.30
20260909_183741,2026-09-09T23:57:48,base_plus,1024,256,5.00e-04,0.3,1,24,0.0909,0.4903,0.7377,0.6858,0.8159,0.3708,0.5324,0.2365,0.0534,base_plus_s1024_d256_lr0.001_p0.30
20260909_183741,2026-09-09T23:58:35,base_plus,1024,256,5.00e-04,0.3,1,25,0.0883,0.4682,0.6895,0.6020,0.8168,0.3851,0.5048,0.2144,0.0646,base_plus_s1024_d256_lr0.001_p0.30
20260909_183741,2026-09-09T23:59:54,large,448,512,1.00e-03,0.3,1,0,0.3538,0.3620,0.9045,0.8940,0.5993,0.1363,0.0000,0.0000,0.0000,large_s448_d512_lr0.001_p0.30
20260909_183741,2026-09-10T00:00:15,large,448,512,1.00e-03,0.3,1,1,0.2416,0.3470,0.8259,0.7995,0.5922,0.2114,0.0000,0.0000,0.0000,large_s448_d512_lr0.001_p0.30
20260909_183741,2026-09-10T00:00:36,large,448,512,1.00e-03,0.3,1,2,0.2279,0.3642,0.8100,0.7780,0.5922,0.3691,0.0000,0.0000,0.0000,large_s448_d512_lr0.001_p0.30
20260909_183741,2026-09-10T00:00:57,large,448,512,1.00e-03,0.3,1,3,0.1968,0.3155,0.6901,0.5929,0.6377,0.2388,0.0000,0.0493,0.0000,large_s448_d512_lr0.001_p0.30
20260909_183741,2026-09-10T00:01:18,large,448,512,1.00e-03,0.3,1,4,0.1889,0.3596,0.7374,0.6791,0.6750,0.3725,0.0168,0.0367,0.0000,large_s448_d512_lr0.001_p0.30
20260909_183741,2026-09-10T00:01:39,large,448,512,1.00e-03,0.3,1,5,0.1988,0.3874,0.7780,0.7412,0.6911,0.4312,0.0000,0.0704,0.0000,large_s448_d512_lr0.001_p0.30
20260909_183741,2026-09-10T00:02:00,large,448,512,1.00e-03,0.3,1,6,0.1742,0.3666,0.7243,0.6522,0.6996,0.3050,0.0569,0.1280,0.0000,large_s448_d512_lr0.001_p0.30
20260909_183741,2026-09-10T00:02:21,large,448,512,1.00e-03,0.3,1,7,0.1609,0.3990,0.7409,0.6851,0.7119,0.4101,0.1013,0.1428,0.0012,large_s448_d512_lr0.001_p0.30
20260909_183741,2026-09-10T00:02:42,large,448,512,1.00e-03,0.3,1,8,0.1556,0.3700,0.6821,0.5811,0.6684,0.4466,0.0190,0.1926,0.0000,large_s448_d512_lr0.001_p0.30
20260909_183741,2026-09-10T00:03:03,large,448,512,1.00e-03,0.3,1,9,0.1474,0.4309,0.7629,0.7220,0.7271,0.4528,0.1966,0.1549,0.0000,large_s448_d512_lr0.001_p0.30
20260909_183741,2026-09-10T00:03:24,large,448,512,1.00e-03,0.3,1,10,0.1402,0.4338,0.7195,0.6487,0.7536,0.4169,0.3424,0.1557,0.0000,large_s448_d512_lr0.001_p0.30
20260909_183741,2026-09-10T00:03:45,large,448,512,1.00e-03,0.3,1,11,0.1348,0.3406,0.6811,0.5722,0.5804,0.3320,0.1372,0.0785,0.0026,large_s448_d512_lr0.001_p0.30
20260909_183741,2026-09-10T00:04:06,large,448,512,1.00e-03,0.3,1,12,0.1503,0.3956,0.6756,0.5683,0.7171,0.4820,0.2075,0.1185,0.0000,large_s448_d512_lr0.001_p0.30
20260909_183741,2026-09-10T00:04:27,large,448,512,1.00e-03,0.3,1,13,0.1346,0.4063,0.7320,0.6665,0.7033,0.4737,0.1562,0.0947,0.0177,large_s448_d512_lr0.001_p0.30
20260909_183741,2026-09-10T00:04:48,large,448,512,1.00e-03,0.3,1,14,0.1257,0.4411,0.7015,0.6204,0.7434,0.4161,0.3542,0.1300,0.1222,large_s448_d512_lr0.001_p0.30
20260909_183741,2026-09-10T00:05:11,large,448,512,1.00e-03,0.3,1,15,0.1151,0.4330,0.7119,0.6366,0.7520,0.3367,0.4462,0.1477,0.0000,large_s448_d512_lr0.001_p0.30
20260909_183741,2026-09-10T00:05:35,large,448,512,1.00e-03,0.3,1,16,0.1138,0.5117,0.7886,0.7612,0.7409,0.5663,0.4433,0.1227,0.1587,large_s448_d512_lr0.001_p0.30
20260909_183741,2026-09-10T00:05:55,large,448,512,1.00e-03,0.3,1,17,0.1072,0.4785,0.7667,0.7243,0.7332,0.4681,0.3299,0.1041,0.2231,large_s448_d512_lr0.001_p0.30
20260909_183741,2026-09-10T00:06:16,large,448,512,1.00e-03,0.3,1,18,0.1095,0.4757,0.7191,0.6514,0.7189,0.4004,0.4244,0.1519,0.2636,large_s448_d512_lr0.001_p0.30
20260909_183741,2026-09-10T00:06:37,large,448,512,1.00e-03,0.3,1,19,0.1078,0.4936,0.7067,0.6280,0.7610,0.4022,0.4969,0.1425,0.3181,large_s448_d512_lr0.001_p0.30
20260909_183741,2026-09-10T00:06:58,large,448,512,1.00e-03,0.3,1,20,0.0994,0.4411,0.7248,0.6616,0.7465,0.3974,0.3494,0.1315,0.0763,large_s448_d512_lr0.001_p0.30
20260909_183741,2026-09-10T00:07:20,large,448,512,5.00e-04,0.3,1,21,0.0974,0.5037,0.7369,0.6747,0.7255,0.4002,0.4740,0.1601,0.3547,large_s448_d512_lr0.001_p0.30
20260909_183741,2026-09-10T00:07:40,large,448,512,5.00e-04,0.3,1,22,0.0876,0.4668,0.6992,0.6120,0.7585,0.4212,0.4337,0.1463,0.1969,large_s448_d512_lr0.001_p0.30
20260909_183741,2026-09-10T00:08:02,large,448,512,5.00e-04,0.3,1,23,0.0867,0.4781,0.7290,0.6646,0.7662,0.3883,0.3386,0.1442,0.3157,large_s448_d512_lr0.001_p0.30
20260909_183741,2026-09-10T00:08:23,large,448,512,5.00e-04,0.3,1,24,0.0845,0.5166,0.7469,0.6951,0.7572,0.4341,0.4432,0.1516,0.3885,large_s448_d512_lr0.001_p0.30
20260909_183741,2026-09-10T00:08:44,large,448,512,5.00e-04,0.3,1,25,0.0824,0.4803,0.7041,0.6285,0.7707,0.4310,0.4803,0.1514,0.1959,large_s448_d512_lr0.001_p0.30
20260909_183741,2026-09-10T00:09:05,large,448,512,5.00e-04,0.3,1,26,0.0791,0.4834,0.7458,0.6934,0.7758,0.5350,0.3945,0.1483,0.0907,large_s448_d512_lr0.001_p0.30
20260909_183741,2026-09-10T00:09:25,large,448,512,5.00e-04,0.3,1,27,0.0860,0.4864,0.6861,0.5881,0.7711,0.4966,0.4731,0.1454,0.2444,large_s448_d512_lr0.001_p0.30
20260909_183741,2026-09-10T00:09:46,large,448,512,5.00e-04,0.3,1,28,0.0789,0.4856,0.6988,0.6195,0.7612,0.5782,0.4760,0.1482,0.1171,large_s448_d512_lr0.001_p0.30
20260909_183741,2026-09-10T00:10:08,large,448,512,5.00e-04,0.3,1,29,0.0748,0.5223,0.7533,0.7032,0.7639,0.5734,0.4661,0.1606,0.2359,large_s448_d512_lr0.001_p0.30
20260909_193955,2026-09-10T00:40:37,large,448,256,1.00e-03,0.3,1,0,0.3128,0.3496,0.8512,0.8300,0.5636,0.2022,0.0000,0.0000,0.0000,large_s448_d256_lr0.001_p0.30_none_el0.0001
20260909_193955,2026-09-10T00:40:58,large,448,256,1.00e-03,0.3,1,1,0.2350,0.3676,0.7543,0.7106,0.7195,0.3882,0.0005,0.0000,0.0000,large_s448_d256_lr0.001_p0.30_none_el0.0001
20260909_193955,2026-09-10T00:41:19,large,448,256,1.00e-03,0.3,1,2,0.2061,0.3097,0.7064,0.6175,0.5250,0.3118,0.0003,0.0069,0.0000,large_s448_d256_lr0.001_p0.30_none_el0.0001
20260909_193955,2026-09-10T00:41:41,large,448,256,1.00e-03,0.3,1,3,0.1911,0.3026,0.7656,0.7175,0.5878,0.0007,0.0051,0.0415,0.0000,large_s448_d256_lr0.001_p0.30_none_el0.0001
20260909_193955,2026-09-10T00:42:18,large,448,256,1.00e-03,0.3,1,4,0.1917,0.3821,0.7456,0.6892,0.6898,0.3546,0.0864,0.1093,0.0000,large_s448_d256_lr0.001_p0.30_none_el0.0001
20260909_193955,2026-09-10T00:42:59,large,448,256,1.00e-03,0.3,1,5,0.1648,0.3913,0.7014,0.6175,0.6994,0.4924,0.1569,0.0717,0.0000,large_s448_d256_lr0.001_p0.30_none_el0.0001
20260909_193955,2026-09-10T00:43:39,large,448,256,1.00e-03,0.3,1,6,0.1540,0.4284,0.7740,0.7400,0.7099,0.3431,0.2635,0.1681,0.0000,large_s448_d256_lr0.001_p0.30_none_el0.0001
20260909_193955,2026-09-10T00:44:21,large,448,256,1.00e-03,0.3,1,7,0.1459,0.4232,0.7184,0.6466,0.6809,0.3874,0.3303,0.1680,0.0307,large_s448_d256_lr0.001_p0.30_none_el0.0001
20260909_193955,2026-09-10T00:45:03,large,448,256,1.00e-03,0.3,1,8,0.1487,0.4659,0.7145,0.6385,0.7140,0.6061,0.5089,0.0789,0.0000,large_s448_d256_lr0.001_p0.30_none_el0.0001
20260909_193955,2026-09-10T00:45:45,large,448,256,1.00e-03,0.3,1,9,0.1345,0.4464,0.6625,0.5433,0.7176,0.5068,0.5536,0.1388,0.0023,large_s448_d256_lr0.001_p0.30_none_el0.0001
20260909_193955,2026-09-10T00:46:27,large,448,256,1.00e-03,0.3,1,10,0.1382,0.4172,0.7547,0.6996,0.7279,0.1376,0.4539,0.1466,0.0000,large_s448_d256_lr0.001_p0.30_none_el0.0001
20260909_193955,2026-09-10T00:47:09,large,448,256,1.00e-03,0.3,1,11,0.1267,0.4908,0.7491,0.7013,0.7277,0.4084,0.5690,0.1128,0.1673,large_s448_d256_lr0.001_p0.30_none_el0.0001
20260909_193955,2026-09-10T00:47:53,large,448,256,1.00e-03,0.3,1,12,0.1203,0.4597,0.6615,0.5502,0.7222,0.5977,0.5230,0.1166,0.0466,large_s448_d256_lr0.001_p0.30_none_el0.0001
20260909_193955,2026-09-10T00:48:37,large,448,256,1.00e-03,0.3,1,13,0.1168,0.4651,0.7341,0.6693,0.6847,0.4300,0.5474,0.1490,0.0416,large_s448_d256_lr0.001_p0.30_none_el0.0001
20260909_193955,2026-09-10T00:49:21,large,448,256,1.00e-03,0.3,1,14,0.1105,0.4519,0.7167,0.6244,0.7554,0.4436,0.4245,0.1902,0.0085,large_s448_d256_lr0.001_p0.30_none_el0.0001
20260909_193955,2026-09-10T00:50:08,large,448,256,1.00e-03,0.3,1,15,0.1116,0.4573,0.7398,0.6784,0.6995,0.3777,0.4958,0.1893,0.0204,large_s448_d256_lr0.001_p0.30_none_el0.0001
20260909_193955,2026-09-10T00:50:53,large,448,256,5.00e-04,0.3,1,16,0.1027,0.4171,0.6745,0.5701,0.7389,0.2791,0.4803,0.1769,0.0000,large_s448_d256_lr0.001_p0.30_none_el0.0001
20260909_193955,2026-09-10T00:51:38,large,448,256,5.00e-04,0.3,1,17,0.0930,0.4893,0.6933,0.6016,0.7448,0.6779,0.4916,0.1298,0.0859,large_s448_d256_lr0.001_p0.30_none_el0.0001
20260909_193955,2026-09-10T00:52:22,large,448,256,5.00e-04,0.3,1,18,0.0907,0.5012,0.7383,0.6820,0.7533,0.4358,0.5751,0.1426,0.1811,large_s448_d256_lr0.001_p0.30_none_el0.0001
20260909_193955,2026-09-10T00:53:06,large,448,256,5.00e-04,0.3,1,19,0.0897,0.5064,0.7333,0.6716,0.7529,0.4898,0.5205,0.1739,0.2030,large_s448_d256_lr0.001_p0.30_none_el0.0001
20260909_193955,2026-09-10T00:53:51,large,448,256,5.00e-04,0.3,1,20,0.0864,0.4710,0.6901,0.5968,0.7533,0.4098,0.4587,0.1779,0.2106,large_s448_d256_lr0.001_p0.30_none_el0.0001
20260909_193955,2026-09-10T00:54:12,large,448,256,5.00e-04,0.3,1,21,0.0853,0.4748,0.6881,0.5935,0.7637,0.3832,0.5380,0.1717,0.1855,large_s448_d256_lr0.001_p0.30_none_el0.0001
20260909_193955,2026-09-10T00:54:33,large,448,256,5.00e-04,0.3,1,22,0.0850,0.4704,0.7099,0.6356,0.7584,0.4177,0.4311,0.1737,0.1664,large_s448_d256_lr0.001_p0.30_none_el0.0001
20260909_193955,2026-09-10T00:54:54,large,448,256,5.00e-04,0.3,1,23,0.0815,0.4549,0.7293,0.6690,0.7470,0.3982,0.3820,0.1347,0.1240,large_s448_d256_lr0.001_p0.30_none_el0.0001
20260909_193955,2026-09-10T00:55:15,large,448,256,2.50e-04,0.3,1,24,0.0820,0.4901,0.7492,0.6991,0.7569,0.3951,0.3007,0.1918,0.3376,large_s448_d256_lr0.001_p0.30_none_el0.0001
20260909_193955,2026-09-10T00:55:37,large,448,256,2.50e-04,0.3,1,25,0.0732,0.4858,0.7280,0.6630,0.7600,0.4525,0.4746,0.1557,0.1666,large_s448_d256_lr0.001_p0.30_none_el0.0001
20260909_193955,2026-09-10T00:55:57,large,448,256,2.50e-04,0.3,1,26,0.0722,0.4770,0.7156,0.6457,0.7601,0.4297,0.4709,0.1476,0.1695,large_s448_d256_lr0.001_p0.30_none_el0.0001
20260909_193955,2026-09-10T00:40:39,large,448,256,1.00e-03,0.3,1,0,0.2997,0.2997,0.7466,0.6944,0.6572,0.0000,0.0000,0.0000,0.0000,large_s448_d256_lr0.001_p0.30_neck_el0.0001
20260909_193955,2026-09-10T00:41:01,large,448,256,1.00e-03,0.3,1,1,0.2174,0.3669,0.7657,0.7208,0.6881,0.3711,0.0000,0.0225,0.0000,large_s448_d256_lr0.001_p0.30_neck_el0.0001
20260909_193955,2026-09-10T00:41:22,large,448,256,1.00e-03,0.3,1,2,0.1837,0.3594,0.6755,0.5719,0.7163,0.2442,0.1365,0.1711,0.0000,large_s448_d256_lr0.001_p0.30_neck_el0.0001
20260909_193955,2026-09-10T00:41:50,large,448,256,1.00e-03,0.3,1,3,0.1796,0.3832,0.7401,0.6688,0.5551,0.5124,0.1327,0.0734,0.0000,large_s448_d256_lr0.001_p0.30_neck_el0.0001
20260909_193955,2026-09-10T00:42:29,large,448,256,1.00e-03,0.3,1,4,0.1722,0.3937,0.7052,0.6225,0.6409,0.4443,0.1852,0.1579,0.0000,large_s448_d256_lr0.001_p0.30_neck_el0.0001
20260909_193955,2026-09-10T00:43:10,large,448,256,1.00e-03,0.3,1,5,0.1529,0.4284,0.7394,0.6815,0.6977,0.5144,0.2301,0.1358,0.0000,large_s448_d256_lr0.001_p0.30_neck_el0.0001
20260909_193955,2026-09-10T00:43:49,large,448,256,1.00e-03,0.3,1,6,0.1426,0.4330,0.6865,0.5925,0.7150,0.5338,0.3344,0.1688,0.0000,large_s448_d256_lr0.001_p0.30_neck_el0.0001
20260909_193955,2026-09-10T00:44:30,large,448,256,1.00e-03,0.3,1,7,0.1377,0.4104,0.7268,0.6565,0.7278,0.2671,0.3166,0.1777,0.0000,large_s448_d256_lr0.001_p0.30_neck_el0.0001
20260909_193955,2026-09-10T00:45:11,large,448,256,1.00e-03,0.3,1,8,0.1356,0.3890,0.7833,0.7482,0.6719,0.2789,0.1159,0.0865,0.0381,large_s448_d256_lr0.001_p0.30_neck_el0.0001
20260909_193955,2026-09-10T00:45:53,large,448,256,1.00e-03,0.3,1,9,0.1276,0.4649,0.7392,0.6826,0.7513,0.6258,0.3355,0.1201,0.0000,large_s448_d256_lr0.001_p0.30_neck_el0.0001
20260909_193955,2026-09-10T00:46:35,large,448,256,1.00e-03,0.3,1,10,0.1189,0.4092,0.7382,0.6887,0.7351,0.3068,0.2233,0.1721,0.0000,large_s448_d256_lr0.001_p0.30_neck_el0.0001
20260909_193955,2026-09-10T00:47:17,large,448,256,1.00e-03,0.3,1,11,0.1200,0.4455,0.7266,0.6604,0.7430,0.5166,0.2776,0.1946,0.0000,large_s448_d256_lr0.001_p0.30_neck_el0.0001
20260909_193955,2026-09-10T00:48:00,large,448,256,1.00e-03,0.3,1,12,0.1103,0.4264,0.7152,0.6342,0.7498,0.3164,0.4324,0.1304,0.0065,large_s448_d256_lr0.001_p0.30_neck_el0.0001
20260909_193955,2026-09-10T00:48:43,large,448,256,1.00e-03,0.3,1,13,0.1124,0.4302,0.7323,0.6695,0.7182,0.3908,0.3396,0.1612,0.0000,large_s448_d256_lr0.001_p0.30_neck_el0.0001
20260909_193955,2026-09-10T00:49:26,large,448,256,5.00e-04,0.3,1,14,0.1030,0.3690,0.7202,0.6359,0.6917,0.1490,0.2992,0.0870,0.0000,large_s448_d256_lr0.001_p0.30_neck_el0.0001
20260909_193955,2026-09-10T00:50:12,large,448,256,5.00e-04,0.3,1,15,0.1003,0.4872,0.7101,0.6338,0.7618,0.4286,0.4348,0.3206,0.1207,large_s448_d256_lr0.001_p0.30_neck_el0.0001
20260909_193955,2026-09-10T00:50:57,large,448,256,5.00e-04,0.3,1,16,0.0928,0.4663,0.7237,0.6540,0.7560,0.4936,0.3296,0.2513,0.0559,large_s448_d256_lr0.001_p0.30_neck_el0.0001
20260909_193955,2026-09-10T00:51:41,large,448,256,5.00e-04,0.3,1,17,0.0877,0.4499,0.7114,0.6328,0.7501,0.4230,0.2896,0.2023,0.1403,large_s448_d256_lr0.001_p0.30_neck_el0.0001
20260909_193955,2026-09-10T00:52:26,large,448,256,5.00e-04,0.3,1,18,0.0860,0.4669,0.7327,0.6720,0.7587,0.4356,0.2918,0.2377,0.1396,large_s448_d256_lr0.001_p0.30_neck_el0.0001
20260909_193955,2026-09-10T00:53:11,large,448,256,5.00e-04,0.3,1,19,0.0835,0.4769,0.7246,0.6566,0.7665,0.4556,0.3024,0.2969,0.1360,large_s448_d256_lr0.001_p0.30_neck_el0.0001
20260909_193955,2026-09-10T00:53:53,large,448,256,2.50e-04,0.3,1,20,0.0856,0.4758,0.7506,0.7008,0.7653,0.4957,0.3088,0.1879,0.1213,large_s448_d256_lr0.001_p0.30_neck_el0.0001
20260909_193955,2026-09-10T00:54:14,large,448,256,2.50e-04,0.3,1,21,0.0758,0.4834,0.7584,0.7134,0.7744,0.4811,0.3105,0.1990,0.1470,large_s448_d256_lr0.001_p0.30_neck_el0.0001
20260909_193955,2026-09-10T00:54:34,large,448,256,2.50e-04,0.3,1,22,0.0750,0.4584,0.6985,0.6124,0.7670,0.4676,0.3302,0.2021,0.1311,large_s448_d256_lr0.001_p0.30_neck_el0.0001
corrida_inicial,2026-09-09T21:44:13,small,448,128,1.00e-03,0.3,1,0,0.3566,0.3574,0.7761,0.7420,0.7022,0.2813,0.0000,0.0000,0.0000,corrida 1 baseline
corrida_inicial,2026-09-09T21:44:20,small,448,128,1.00e-03,0.3,1,1,0.2204,0.3835,0.7816,0.7509,0.7224,0.4296,0.0000,0.0000,0.0000,corrida 1 baseline
corrida_inicial,2026-09-09T21:44:26,small,448,128,1.00e-03,0.3,1,2,0.2055,0.3883,0.8610,0.8410,0.5617,0.4547,0.0000,0.0000,0.0000,corrida 1 baseline
corrida_inicial,2026-09-09T21:44:32,small,448,128,1.00e-03,0.3,1,3,0.1887,0.3739,0.7630,0.7220,0.7056,0.4264,0.0004,0.0000,0.0000,corrida 1 baseline
corrida_inicial,2026-09-09T21:44:38,small,448,128,1.00e-03,0.3,1,4,0.1701,0.3694,0.7731,0.7387,0.7102,0.3209,0.0255,0.0172,0.0000,corrida 1 baseline
corrida_inicial,2026-09-09T21:44:44,small,448,128,1.00e-03,0.3,1,5,0.1639,0.4086,0.7832,0.7480,0.7058,0.4821,0.0748,0.0665,0.0000,corrida 1 baseline
corrida_inicial,2026-09-09T21:44:50,small,448,128,1.00e-03,0.3,1,6,0.1457,0.3971,0.7542,0.7018,0.6528,0.4547,0.1277,0.0882,0.0000,corrida 1 baseline
corrida_inicial,2026-09-09T21:44:57,small,448,128,1.00e-03,0.3,1,7,0.1433,0.2981,0.6807,0.5552,0.5642,0.1102,0.0497,0.1264,0.0000,corrida 1 baseline
corrida_inicial,2026-09-09T21:45:03,small,448,128,1.00e-03,0.3,1,8,0.1512,0.4060,0.7835,0.7355,0.5387,0.4781,0.1908,0.1101,0.0055,corrida 1 baseline
corrida_inicial,2026-09-09T21:45:09,small,448,128,1.00e-03,0.3,1,9,0.1301,0.3904,0.7259,0.6520,0.6589,0.3070,0.1876,0.1561,0.0454,corrida 1 baseline
corrida_inicial,2026-09-09T21:45:16,small,448,128,1.00e-03,0.3,1,10,0.1329,0.4226,0.7316,0.6777,0.7196,0.4745,0.2238,0.1311,0.0000,corrida 1 baseline
corrida_inicial,2026-09-09T21:45:22,small,448,128,1.00e-03,0.3,1,11,0.1225,0.4450,0.8143,0.7854,0.6523,0.4767,0.2230,0.1247,0.0389,corrida 1 baseline
corrida_inicial,2026-09-09T21:45:28,small,448,128,1.00e-03,0.3,1,12,0.1132,0.3934,0.6954,0.6060,0.7020,0.4703,0.1709,0.0903,0.0188,corrida 1 baseline
corrida_inicial,2026-09-09T21:45:34,small,448,128,1.00e-03,0.3,1,13,0.1114,0.4449,0.7248,0.6562,0.7152,0.4364,0.2641,0.1307,0.1868,corrida 1 baseline
corrida_inicial,2026-09-09T21:45:41,small,448,128,1.00e-03,0.3,1,14,0.1076,0.4475,0.7532,0.7011,0.7275,0.4605,0.3524,0.1005,0.0374,corrida 1 baseline
corrida_inicial,2026-09-09T21:45:47,small,448,128,1.00e-03,0.3,1,15,0.1109,0.4232,0.7265,0.6506,0.6662,0.4469,0.3212,0.1226,0.0283,corrida 1 baseline
corrida_inicial,2026-09-09T21:45:53,small,448,128,1.00e-03,0.3,1,16,0.1064,0.4709,0.7250,0.6526,0.6315,0.5759,0.2651,0.1346,0.3115,corrida 1 baseline
corrida_inicial,2026-09-09T21:46:00,small,448,128,1.00e-03,0.3,1,17,0.0968,0.4451,0.6863,0.5845,0.6772,0.3957,0.3666,0.1345,0.2711,corrida 1 baseline
corrida_inicial,2026-09-09T21:46:06,small,448,128,1.00e-03,0.3,1,18,0.1010,0.4133,0.6799,0.5718,0.6814,0.4410,0.3628,0.1167,0.0395,corrida 1 baseline
corrida_inicial,2026-09-09T21:46:12,small,448,128,1.00e-03,0.3,1,19,0.0927,0.4395,0.7061,0.6289,0.7514,0.5064,0.2336,0.1811,0.0694,corrida 1 baseline
corrida_inicial,2026-09-09T21:46:19,small,448,128,1.00e-03,0.3,1,20,0.0934,0.4534,0.7249,0.6590,0.7143,0.4843,0.3473,0.1441,0.1000,corrida 1 baseline
corrida_inicial,2026-09-09T21:46:25,small,448,128,5.00e-04,0.3,1,21,0.0980,0.4183,0.7036,0.6199,0.7264,0.4704,0.2137,0.1313,0.0627,corrida 1 baseline
corrida_inicial,2026-09-09T21:46:31,small,448,128,5.00e-04,0.3,1,22,0.0855,0.4601,0.7094,0.6313,0.7542,0.5394,0.3484,0.1538,0.0846,corrida 1 baseline
corrida_inicial,2026-09-09T21:46:38,small,448,128,5.00e-04,0.3,1,23,0.0810,0.4549,0.7042,0.6221,0.7687,0.4896,0.3379,0.1762,0.0854,corrida 1 baseline
corrida_inicial,2026-09-09T21:46:44,small,448,128,5.00e-04,0.3,1,24,0.0778,0.4777,0.7089,0.6299,0.7531,0.5952,0.3816,0.1792,0.0957,corrida 1 baseline
corrida_inicial,2026-09-09T21:46:50,small,448,128,5.00e-04,0.3,1,25,0.0768,0.4531,0.6885,0.5934,0.7640,0.4865,0.3431,0.1976,0.0986,corrida 1 baseline
corrida_inicial,2026-09-09T21:46:57,small,448,128,5.00e-04,0.3,1,26,0.0764,0.4562,0.6910,0.6004,0.7511,0.5511,0.3296,0.1652,0.1050,corrida 1 baseline
corrida_inicial,2026-09-09T21:47:03,small,448,128,5.00e-04,0.3,1,27,0.0771,0.4459,0.7058,0.6233,0.7399,0.4706,0.2941,0.1722,0.1158,corrida 1 baseline
corrida_inicial,2026-09-09T21:47:09,small,448,128,5.00e-04,0.3,1,28,0.0742,0.4517,0.6986,0.6144,0.7747,0.4647,0.2975,0.1974,0.1143,corrida 1 baseline
corrida_inicial,2026-09-09T21:47:16,small,448,128,2.50e-04,0.3,1,29,0.0743,0.4530,0.6925,0.6023,0.7591,0.4816,0.3238,0.1901,0.1216,corrida 1 baseline
corrida_inicial,2026-09-09T21:47:22,small,448,128,2.50e-04,0.3,1,30,0.0674,0.4651,0.6915,0.6001,0.7673,0.5591,0.3163,0.1979,0.1238,corrida 1 baseline
corrida_inicial,2026-09-09T21:47:28,small,448,128,2.50e-04,0.3,1,31,0.0647,0.4512,0.6749,0.5654,0.7445,0.5100,0.3309,0.1863,0.1466,corrida 1 baseline
corrida_inicial,2026-09-09T21:47:35,small,448,128,2.50e-04,0.3,1,32,0.0654,0.4570,0.7014,0.6205,0.7633,0.5058,0.3060,0.2007,0.1012,corrida 1 baseline
corrida_inicial,2026-09-09T21:47:41,small,448,128,2.50e-04,0.3,1,33,0.0652,0.4617,0.7011,0.6179,0.7606,0.5160,0.3173,0.1957,0.1229,corrida 1 baseline
corrida_inicial,2026-09-09T21:47:47,small,448,128,1.25e-04,0.3,1,34,0.0644,0.4661,0.7039,0.6219,0.7342,0.5413,0.3413,0.1886,0.1313,corrida 1 baseline
corrida_inicial,2026-09-09T21:47:54,small,448,128,1.25e-04,0.3,1,35,0.0616,0.4683,0.6953,0.6073,0.7628,0.5750,0.3195,0.2037,0.1145,corrida 1 baseline
corrida_inicial,2026-09-09T21:48:00,small,448,128,1.25e-04,0.3,1,36,0.0607,0.4647,0.6889,0.5964,0.7701,0.5365,0.3139,0.2036,0.1435,corrida 1 baseline
corrida_inicial,2026-09-09T21:48:06,small,448,128,1.25e-04,0.3,1,37,0.0602,0.4721,0.7031,0.6205,0.7536,0.5617,0.3444,0.1979,0.1239,corrida 1 baseline
corrida_inicial,2026-09-09T21:48:12,small,448,128,1.25e-04,0.3,1,38,0.0594,0.4689,0.6931,0.6040,0.7553,0.5522,0.3310,0.1955,0.1508,corrida 1 baseline
corrida_inicial,2026-09-09T21:48:19,small,448,128,6.25e-05,0.3,1,39,0.0581,0.4682,0.6953,0.6082,0.7636,0.5397,0.3353,0.1983,0.1369,corrida 1 baseline
